Ma SV,Ma HP
1,KH0003
1,KH0013
1,KH0034
1,KH0054
1,KH0071
1,KH0081
1,KH0097
1,KH0105
1,KH0116
1,KH0135
1,KH0138
2,KH0003
2,KH0015
2,KH0036
2,KH0056
2,KH0071
2,KH0083
2,KH0097
2,KH0106
2,KH0118
2,KH0135
2,KH0138
3,KH0003
3,KH0010
3,KH0031
3,KH0051
3,KH0071
3,KH0078
3,KH0097
3,KH0105
3,KH0113
3,KH0135
3,KH0138
4,KH0003
4,KH0011
4,KH0032
4,KH0052
4,KH0071
4,KH0079
4,KH0097
4,KH0106
4,KH0114
4,KH0135
4,KH0138
5,KH0003
5,KH0011
5,KH0032
5,KH0052
5,KH0071
5,KH0079
5,KH0097
5,KH0106
5,KH0114
5,KH0135
5,KH0138
6,KH0003
6,KH0016
6,KH0037
6,KH0057
6,KH0071
6,KH0084
6,KH0097
6,KH0105
6,KH0119
6,KH0135
6,KH0138
7,KH0003
7,KH0009
7,KH0030
7,KH0050
7,KH0071
7,KH0077
7,KH0097
7,KH0105
7,KH0112
7,KH0135
7,KH0138
8,KH0003
8,KH0016
8,KH0037
8,KH0057
8,KH0071
8,KH0084
8,KH0097
8,KH0106
8,KH0119
8,KH0135
8,KH0138
9,KH0003
9,KH0009
9,KH0030
9,KH0050
9,KH0071
9,KH0077
9,KH0097
9,KH0106
9,KH0112
9,KH0135
9,KH0138
10,KH0003
10,KH0010
10,KH0031
10,KH0051
10,KH0071
10,KH0078
10,KH0097
10,KH0106
10,KH0113
10,KH0135
10,KH0138
11,KH0003
11,KH0011
11,KH0032
11,KH0052
11,KH0071
11,KH0079
11,KH0097
11,KH0105
11,KH0114
11,KH0135
11,KH0138
12,KH0003
12,KH0016
12,KH0037
12,KH0057
12,KH0071
12,KH0084
12,KH0097
12,KH0106
12,KH0119
12,KH0135
12,KH0138
13,KH0003
13,KH0011
13,KH0032
13,KH0052
13,KH0071
13,KH0079
13,KH0097
13,KH0106
13,KH0114
13,KH0135
13,KH0138
14,KH0003
14,KH0011
14,KH0032
14,KH0052
14,KH0071
14,KH0079
14,KH0097
14,KH0106
14,KH0114
14,KH0135
14,KH0138
15,KH0003
15,KH0016
15,KH0037
15,KH0057
15,KH0071
15,KH0084
15,KH0097
15,KH0106
15,KH0119
15,KH0135
15,KH0138
16,KH0003
16,KH0009
16,KH0030
16,KH0050
16,KH0071
16,KH0077
16,KH0097
16,KH0106
16,KH0112
16,KH0135
16,KH0138
17,KH0003
17,KH0015
17,KH0036
17,KH0056
17,KH0071
17,KH0083
17,KH0097
17,KH0105
17,KH0118
17,KH0135
17,KH0138
18,KH0003
18,KH0015
18,KH0036
18,KH0056
18,KH0071
18,KH0083
18,KH0097
18,KH0106
18,KH0118
18,KH0135
18,KH0138
19,KH0003
19,KH0010
19,KH0031
19,KH0051
19,KH0071
19,KH0078
19,KH0097
19,KH0105
19,KH0113
19,KH0135
19,KH0138
20,KH0003
20,KH0009
20,KH0030
20,KH0050
20,KH0071
20,KH0077
20,KH0097
20,KH0106
20,KH0112
20,KH0135
20,KH0138
21,KH0003
21,KH0010
21,KH0031
21,KH0051
21,KH0071
21,KH0078
21,KH0097
21,KH0106
21,KH0113
21,KH0135
21,KH0138
22,KH0003
22,KH0016
22,KH0037
22,KH0057
22,KH0071
22,KH0084
22,KH0097
22,KH0106
22,KH0119
22,KH0135
22,KH0138
23,KH0003
23,KH0016
23,KH0037
23,KH0057
23,KH0071
23,KH0084
23,KH0097
23,KH0106
23,KH0119
23,KH0135
23,KH0138
24,KH0003
24,KH0010
24,KH0031
24,KH0051
24,KH0071
24,KH0078
24,KH0097
24,KH0106
24,KH0113
24,KH0135
24,KH0138
25,KH0003
25,KH0009
25,KH0030
25,KH0050
25,KH0071
25,KH0077
25,KH0097
25,KH0105
25,KH0112
25,KH0135
25,KH0138
26,KH0003
26,KH0011
26,KH0032
26,KH0052
26,KH0071
26,KH0079
26,KH0097
26,KH0105
26,KH0114
26,KH0135
26,KH0138
27,KH0003
27,KH0011
27,KH0032
27,KH0052
27,KH0071
27,KH0079
27,KH0097
27,KH0105
27,KH0114
27,KH0135
27,KH0138
28,KH0003
28,KH0009
28,KH0030
28,KH0050
28,KH0071
28,KH0077
28,KH0097
28,KH0105
28,KH0112
28,KH0135
28,KH0138
29,KH0003
29,KH0010
29,KH0031
29,KH0051
29,KH0071
29,KH0078
29,KH0097
29,KH0105
29,KH0113
29,KH0135
29,KH0138
30,KH0003
30,KH0009
30,KH0030
30,KH0050
30,KH0071
30,KH0077
30,KH0097
30,KH0106
30,KH0112
30,KH0135
30,KH0138
31,KH0003
31,KH0010
31,KH0031
31,KH0051
31,KH0071
31,KH0078
31,KH0097
31,KH0106
31,KH0113
31,KH0135
31,KH0138
32,KH0003
32,KH0015
32,KH0036
32,KH0056
32,KH0071
32,KH0083
32,KH0097
32,KH0105
32,KH0118
32,KH0135
32,KH0138
33,KH0003
33,KH0015
33,KH0036
33,KH0056
33,KH0071
33,KH0083
33,KH0097
33,KH0106
33,KH0118
33,KH0135
33,KH0138
34,KH0003
34,KH0010
34,KH0031
34,KH0051
34,KH0071
34,KH0078
34,KH0097
34,KH0106
34,KH0113
34,KH0135
34,KH0138
35,KH0003
35,KH0012
35,KH0033
35,KH0053
35,KH0071
35,KH0080
35,KH0097
35,KH0105
35,KH0115
35,KH0135
35,KH0138
36,KH0003
36,KH0010
36,KH0031
36,KH0051
36,KH0071
36,KH0078
36,KH0097
36,KH0105
36,KH0113
36,KH0135
36,KH0138
37,KH0003
37,KH0016
37,KH0037
37,KH0057
37,KH0071
37,KH0084
37,KH0097
37,KH0106
37,KH0119
37,KH0135
37,KH0138
38,KH0003
38,KH0014
38,KH0035
38,KH0055
38,KH0071
38,KH0082
38,KH0097
38,KH0106
38,KH0117
38,KH0135
38,KH0138
39,KH0003
39,KH0010
39,KH0031
39,KH0051
39,KH0071
39,KH0078
39,KH0097
39,KH0105
39,KH0113
39,KH0135
39,KH0138
40,KH0003
40,KH0009
40,KH0030
40,KH0050
40,KH0071
40,KH0077
40,KH0097
40,KH0105
40,KH0112
40,KH0135
40,KH0138
41,KH0003
41,KH0009
41,KH0030
41,KH0050
41,KH0071
41,KH0077
41,KH0097
41,KH0105
41,KH0112
41,KH0135
41,KH0138
42,KH0003
42,KH0014
42,KH0035
42,KH0055
42,KH0071
42,KH0082
42,KH0097
42,KH0106
42,KH0117
42,KH0135
42,KH0138
43,KH0003
43,KH0011
43,KH0032
43,KH0052
43,KH0071
43,KH0079
43,KH0097
43,KH0105
43,KH0114
43,KH0135
43,KH0138
44,KH0003
44,KH0010
44,KH0031
44,KH0051
44,KH0071
44,KH0078
44,KH0097
44,KH0106
44,KH0113
44,KH0135
44,KH0138
45,KH0003
45,KH0010
45,KH0031
45,KH0051
45,KH0071
45,KH0078
45,KH0097
45,KH0106
45,KH0113
45,KH0135
45,KH0138
46,KH0003
46,KH0014
46,KH0035
46,KH0055
46,KH0071
46,KH0082
46,KH0097
46,KH0105
46,KH0117
46,KH0135
46,KH0138
47,KH0003
47,KH0013
47,KH0034
47,KH0054
47,KH0071
47,KH0081
47,KH0097
47,KH0106
47,KH0116
47,KH0135
47,KH0138
48,KH0003
48,KH0012
48,KH0033
48,KH0053
48,KH0071
48,KH0080
48,KH0097
48,KH0105
48,KH0115
48,KH0135
48,KH0138
49,KH0003
49,KH0015
49,KH0036
49,KH0056
49,KH0071
49,KH0083
49,KH0097
49,KH0105
49,KH0118
49,KH0135
49,KH0138
50,KH0003
50,KH0009
50,KH0030
50,KH0050
50,KH0071
50,KH0077
50,KH0097
50,KH0105
50,KH0112
50,KH0135
50,KH0138
51,KH0003
51,KH0010
51,KH0031
51,KH0051
51,KH0071
51,KH0078
51,KH0097
51,KH0105
51,KH0113
51,KH0135
51,KH0138
52,KH0003
52,KH0011
52,KH0032
52,KH0052
52,KH0071
52,KH0079
52,KH0097
52,KH0106
52,KH0114
52,KH0135
52,KH0138
53,KH0003
53,KH0010
53,KH0031
53,KH0051
53,KH0071
53,KH0078
53,KH0097
53,KH0105
53,KH0113
53,KH0135
53,KH0138
54,KH0003
54,KH0015
54,KH0036
54,KH0056
54,KH0071
54,KH0083
54,KH0097
54,KH0105
54,KH0118
54,KH0135
54,KH0138
55,KH0003
55,KH0016
55,KH0037
55,KH0057
55,KH0071
55,KH0084
55,KH0097
55,KH0105
55,KH0119
55,KH0135
55,KH0138
56,KH0003
56,KH0011
56,KH0032
56,KH0052
56,KH0071
56,KH0079
56,KH0097
56,KH0105
56,KH0114
56,KH0135
56,KH0138
57,KH0003
57,KH0011
57,KH0032
57,KH0052
57,KH0071
57,KH0079
57,KH0097
57,KH0105
57,KH0114
57,KH0135
57,KH0138
58,KH0003
58,KH0009
58,KH0030
58,KH0050
58,KH0071
58,KH0077
58,KH0097
58,KH0106
58,KH0112
58,KH0135
58,KH0138
59,KH0003
59,KH0011
59,KH0032
59,KH0052
59,KH0071
59,KH0079
59,KH0097
59,KH0105
59,KH0114
59,KH0135
59,KH0138
60,KH0003
60,KH0009
60,KH0030
60,KH0050
60,KH0071
60,KH0077
60,KH0097
60,KH0105
60,KH0112
60,KH0135
60,KH0138
61,KH0003
61,KH0016
61,KH0037
61,KH0057
61,KH0071
61,KH0084
61,KH0097
61,KH0105
61,KH0119
61,KH0135
61,KH0138
62,KH0003
62,KH0011
62,KH0032
62,KH0052
62,KH0071
62,KH0079
62,KH0097
62,KH0106
62,KH0114
62,KH0135
62,KH0138
63,KH0003
63,KH0011
63,KH0032
63,KH0052
63,KH0071
63,KH0079
63,KH0097
63,KH0106
63,KH0114
63,KH0135
63,KH0138
64,KH0003
64,KH0016
64,KH0037
64,KH0057
64,KH0071
64,KH0084
64,KH0097
64,KH0105
64,KH0119
64,KH0135
64,KH0138
65,KH0003
65,KH0015
65,KH0036
65,KH0056
65,KH0071
65,KH0083
65,KH0097
65,KH0105
65,KH0118
65,KH0135
65,KH0138
66,KH0003
66,KH0011
66,KH0032
66,KH0052
66,KH0071
66,KH0079
66,KH0097
66,KH0106
66,KH0114
66,KH0135
66,KH0138
67,KH0003
67,KH0011
67,KH0032
67,KH0052
67,KH0071
67,KH0079
67,KH0097
67,KH0105
67,KH0114
67,KH0135
67,KH0138
68,KH0003
68,KH0010
68,KH0031
68,KH0051
68,KH0071
68,KH0078
68,KH0097
68,KH0106
68,KH0113
68,KH0135
68,KH0138
69,KH0003
69,KH0015
69,KH0036
69,KH0056
69,KH0071
69,KH0083
69,KH0097
69,KH0105
69,KH0118
69,KH0135
69,KH0138
70,KH0003
70,KH0010
70,KH0031
70,KH0051
70,KH0071
70,KH0078
70,KH0097
70,KH0106
70,KH0113
70,KH0135
70,KH0138
71,KH0003
71,KH0009
71,KH0030
71,KH0050
71,KH0071
71,KH0077
71,KH0097
71,KH0105
71,KH0112
71,KH0135
71,KH0138
72,KH0003
72,KH0013
72,KH0034
72,KH0054
72,KH0071
72,KH0081
72,KH0097
72,KH0106
72,KH0116
72,KH0135
72,KH0138
73,KH0003
73,KH0015
73,KH0036
73,KH0056
73,KH0071
73,KH0083
73,KH0097
73,KH0106
73,KH0118
73,KH0135
73,KH0138
74,KH0003
74,KH0013
74,KH0034
74,KH0054
74,KH0071
74,KH0081
74,KH0097
74,KH0106
74,KH0116
74,KH0135
74,KH0138
75,KH0003
75,KH0013
75,KH0034
75,KH0054
75,KH0071
75,KH0081
75,KH0097
75,KH0106
75,KH0116
75,KH0135
75,KH0138
76,KH0003
76,KH0012
76,KH0033
76,KH0053
76,KH0071
76,KH0080
76,KH0097
76,KH0106
76,KH0115
76,KH0135
76,KH0138
77,KH0003
77,KH0010
77,KH0031
77,KH0051
77,KH0071
77,KH0078
77,KH0097
77,KH0105
77,KH0113
77,KH0135
77,KH0138
78,KH0003
78,KH0013
78,KH0034
78,KH0054
78,KH0071
78,KH0081
78,KH0097
78,KH0106
78,KH0116
78,KH0135
78,KH0138
79,KH0003
79,KH0014
79,KH0035
79,KH0055
79,KH0071
79,KH0082
79,KH0097
79,KH0105
79,KH0117
79,KH0135
79,KH0138
80,KH0003
80,KH0013
80,KH0034
80,KH0054
80,KH0071
80,KH0081
80,KH0097
80,KH0105
80,KH0116
80,KH0135
80,KH0138
81,KH0003
81,KH0014
81,KH0035
81,KH0055
81,KH0071
81,KH0082
81,KH0097
81,KH0106
81,KH0117
81,KH0135
81,KH0138
82,KH0003
82,KH0014
82,KH0035
82,KH0055
82,KH0071
82,KH0082
82,KH0097
82,KH0106
82,KH0117
82,KH0135
82,KH0138
83,KH0003
83,KH0014
83,KH0035
83,KH0055
83,KH0071
83,KH0082
83,KH0097
83,KH0106
83,KH0117
83,KH0135
83,KH0138
84,KH0003
84,KH0012
84,KH0033
84,KH0053
84,KH0071
84,KH0080
84,KH0097
84,KH0106
84,KH0115
84,KH0135
84,KH0138
85,KH0003
85,KH0014
85,KH0035
85,KH0055
85,KH0071
85,KH0082
85,KH0097
85,KH0105
85,KH0117
85,KH0135
85,KH0138
86,KH0003
86,KH0015
86,KH0036
86,KH0056
86,KH0071
86,KH0083
86,KH0097
86,KH0105
86,KH0118
86,KH0135
86,KH0138
87,KH0003
87,KH0011
87,KH0032
87,KH0052
87,KH0071
87,KH0079
87,KH0097
87,KH0106
87,KH0114
87,KH0135
87,KH0138
88,KH0003
88,KH0011
88,KH0032
88,KH0052
88,KH0071
88,KH0079
88,KH0097
88,KH0106
88,KH0114
88,KH0135
88,KH0138
89,KH0003
89,KH0010
89,KH0031
89,KH0051
89,KH0071
89,KH0078
89,KH0097
89,KH0106
89,KH0113
89,KH0135
89,KH0138
90,KH0003
90,KH0013
90,KH0034
90,KH0054
90,KH0071
90,KH0081
90,KH0097
90,KH0106
90,KH0116
90,KH0135
90,KH0138
91,KH0003
91,KH0013
91,KH0034
91,KH0054
91,KH0071
91,KH0081
91,KH0097
91,KH0106
91,KH0116
91,KH0135
91,KH0138
92,KH0003
92,KH0016
92,KH0037
92,KH0057
92,KH0071
92,KH0084
92,KH0097
92,KH0106
92,KH0119
92,KH0135
92,KH0138
93,KH0003
93,KH0011
93,KH0032
93,KH0052
93,KH0071
93,KH0079
93,KH0097
93,KH0105
93,KH0114
93,KH0135
93,KH0138
94,KH0003
94,KH0016
94,KH0037
94,KH0057
94,KH0071
94,KH0084
94,KH0097
94,KH0106
94,KH0119
94,KH0135
94,KH0138
95,KH0003
95,KH0011
95,KH0032
95,KH0052
95,KH0071
95,KH0079
95,KH0097
95,KH0106
95,KH0114
95,KH0135
95,KH0138
96,KH0003
96,KH0015
96,KH0036
96,KH0056
96,KH0071
96,KH0083
96,KH0097
96,KH0106
96,KH0118
96,KH0135
96,KH0138
97,KH0003
97,KH0015
97,KH0036
97,KH0056
97,KH0071
97,KH0083
97,KH0097
97,KH0106
97,KH0118
97,KH0135
97,KH0138
98,KH0003
98,KH0014
98,KH0035
98,KH0055
98,KH0071
98,KH0082
98,KH0097
98,KH0106
98,KH0117
98,KH0135
98,KH0138
99,KH0003
99,KH0009
99,KH0030
99,KH0050
99,KH0071
99,KH0077
99,KH0097
99,KH0106
99,KH0112
99,KH0135
99,KH0138
100,KH0003
100,KH0009
100,KH0030
100,KH0050
100,KH0071
100,KH0077
100,KH0097
100,KH0105
100,KH0112
100,KH0135
100,KH0138
101,KH0003
101,KH0016
101,KH0037
101,KH0057
101,KH0071
101,KH0084
101,KH0097
101,KH0105
101,KH0119
101,KH0135
101,KH0138
102,KH0003
102,KH0012
102,KH0033
102,KH0053
102,KH0071
102,KH0080
102,KH0097
102,KH0106
102,KH0115
102,KH0135
102,KH0138
103,KH0003
103,KH0015
103,KH0036
103,KH0056
103,KH0071
103,KH0083
103,KH0097
103,KH0105
103,KH0118
103,KH0135
103,KH0138
104,KH0003
104,KH0010
104,KH0031
104,KH0051
104,KH0071
104,KH0078
104,KH0097
104,KH0106
104,KH0113
104,KH0135
104,KH0138
105,KH0003
105,KH0014
105,KH0035
105,KH0055
105,KH0071
105,KH0082
105,KH0097
105,KH0106
105,KH0117
105,KH0135
105,KH0138
106,KH0003
106,KH0016
106,KH0037
106,KH0057
106,KH0071
106,KH0084
106,KH0097
106,KH0106
106,KH0119
106,KH0135
106,KH0138
107,KH0003
107,KH0009
107,KH0030
107,KH0050
107,KH0071
107,KH0077
107,KH0097
107,KH0106
107,KH0112
107,KH0135
107,KH0138
108,KH0003
108,KH0011
108,KH0032
108,KH0052
108,KH0071
108,KH0079
108,KH0097
108,KH0105
108,KH0114
108,KH0135
108,KH0138
109,KH0003
109,KH0013
109,KH0034
109,KH0054
109,KH0071
109,KH0081
109,KH0097
109,KH0106
109,KH0116
109,KH0135
109,KH0138
110,KH0003
110,KH0015
110,KH0036
110,KH0056
110,KH0071
110,KH0083
110,KH0097
110,KH0106
110,KH0118
110,KH0135
110,KH0138
111,KH0003
111,KH0012
111,KH0033
111,KH0053
111,KH0071
111,KH0080
111,KH0097
111,KH0105
111,KH0115
111,KH0135
111,KH0138
112,KH0003
112,KH0009
112,KH0030
112,KH0050
112,KH0071
112,KH0077
112,KH0097
112,KH0106
112,KH0112
112,KH0135
112,KH0138
113,KH0003
113,KH0015
113,KH0036
113,KH0056
113,KH0071
113,KH0083
113,KH0097
113,KH0106
113,KH0118
113,KH0135
113,KH0138
114,KH0003
114,KH0015
114,KH0036
114,KH0056
114,KH0071
114,KH0083
114,KH0097
114,KH0106
114,KH0118
114,KH0135
114,KH0138
115,KH0003
115,KH0009
115,KH0030
115,KH0050
115,KH0071
115,KH0077
115,KH0097
115,KH0105
115,KH0112
115,KH0135
115,KH0138
116,KH0003
116,KH0011
116,KH0032
116,KH0052
116,KH0071
116,KH0079
116,KH0097
116,KH0106
116,KH0114
116,KH0135
116,KH0138
117,KH0003
117,KH0009
117,KH0030
117,KH0050
117,KH0071
117,KH0077
117,KH0097
117,KH0106
117,KH0112
117,KH0135
117,KH0138
118,KH0003
118,KH0011
118,KH0032
118,KH0052
118,KH0071
118,KH0079
118,KH0097
118,KH0106
118,KH0114
118,KH0135
118,KH0138
119,KH0003
119,KH0010
119,KH0031
119,KH0051
119,KH0071
119,KH0078
119,KH0097
119,KH0106
119,KH0113
119,KH0135
119,KH0138
120,KH0003
120,KH0009
120,KH0030
120,KH0050
120,KH0071
120,KH0077
120,KH0097
120,KH0106
120,KH0112
120,KH0135
120,KH0138
121,KH0003
121,KH0009
121,KH0030
121,KH0050
121,KH0071
121,KH0077
121,KH0097
121,KH0106
121,KH0112
121,KH0135
121,KH0138
122,KH0003
122,KH0009
122,KH0030
122,KH0050
122,KH0071
122,KH0077
122,KH0097
122,KH0106
122,KH0112
122,KH0135
122,KH0138
123,KH0003
123,KH0011
123,KH0032
123,KH0052
123,KH0071
123,KH0079
123,KH0097
123,KH0106
123,KH0114
123,KH0135
123,KH0138
124,KH0003
124,KH0010
124,KH0031
124,KH0051
124,KH0071
124,KH0078
124,KH0097
124,KH0106
124,KH0113
124,KH0135
124,KH0138
125,KH0003
125,KH0012
125,KH0033
125,KH0053
125,KH0071
125,KH0080
125,KH0097
125,KH0106
125,KH0115
125,KH0135
125,KH0138
126,KH0003
126,KH0013
126,KH0034
126,KH0054
126,KH0071
126,KH0081
126,KH0097
126,KH0106
126,KH0116
126,KH0135
126,KH0138
127,KH0003
127,KH0016
127,KH0037
127,KH0057
127,KH0071
127,KH0084
127,KH0097
127,KH0105
127,KH0119
127,KH0135
127,KH0138
128,KH0003
128,KH0014
128,KH0035
128,KH0055
128,KH0071
128,KH0082
128,KH0097
128,KH0105
128,KH0117
128,KH0135
128,KH0138
129,KH0003
129,KH0014
129,KH0035
129,KH0055
129,KH0071
129,KH0082
129,KH0097
129,KH0106
129,KH0117
129,KH0135
129,KH0138
130,KH0003
130,KH0014
130,KH0035
130,KH0055
130,KH0071
130,KH0082
130,KH0097
130,KH0106
130,KH0117
130,KH0135
130,KH0138
131,KH0003
131,KH0010
131,KH0031
131,KH0051
131,KH0071
131,KH0078
131,KH0097
131,KH0105
131,KH0113
131,KH0135
131,KH0138
132,KH0003
132,KH0014
132,KH0035
132,KH0055
132,KH0071
132,KH0082
132,KH0097
132,KH0105
132,KH0117
132,KH0135
132,KH0138
133,KH0003
133,KH0013
133,KH0034
133,KH0054
133,KH0071
133,KH0081
133,KH0097
133,KH0105
133,KH0116
133,KH0135
133,KH0138
134,KH0003
134,KH0015
134,KH0036
134,KH0056
134,KH0071
134,KH0083
134,KH0097
134,KH0106
134,KH0118
134,KH0135
134,KH0138
135,KH0003
135,KH0012
135,KH0033
135,KH0053
135,KH0071
135,KH0080
135,KH0097
135,KH0106
135,KH0115
135,KH0135
135,KH0138
136,KH0003
136,KH0016
136,KH0037
136,KH0057
136,KH0071
136,KH0084
136,KH0097
136,KH0105
136,KH0119
136,KH0135
136,KH0138
137,KH0003
137,KH0013
137,KH0034
137,KH0054
137,KH0071
137,KH0081
137,KH0097
137,KH0105
137,KH0116
137,KH0135
137,KH0138
138,KH0003
138,KH0011
138,KH0032
138,KH0052
138,KH0071
138,KH0079
138,KH0097
138,KH0105
138,KH0114
138,KH0135
138,KH0138
139,KH0003
139,KH0011
139,KH0032
139,KH0052
139,KH0071
139,KH0079
139,KH0097
139,KH0106
139,KH0114
139,KH0135
139,KH0138
140,KH0003
140,KH0016
140,KH0037
140,KH0057
140,KH0071
140,KH0084
140,KH0097
140,KH0106
140,KH0119
140,KH0135
140,KH0138
141,KH0003
141,KH0009
141,KH0030
141,KH0050
141,KH0071
141,KH0077
141,KH0097
141,KH0105
141,KH0112
141,KH0135
141,KH0138
142,KH0003
142,KH0011
142,KH0032
142,KH0052
142,KH0071
142,KH0079
142,KH0097
142,KH0106
142,KH0114
142,KH0135
142,KH0138
143,KH0003
143,KH0015
143,KH0036
143,KH0056
143,KH0071
143,KH0083
143,KH0097
143,KH0106
143,KH0118
143,KH0135
143,KH0138
144,KH0003
144,KH0010
144,KH0031
144,KH0051
144,KH0071
144,KH0078
144,KH0097
144,KH0105
144,KH0113
144,KH0135
144,KH0138
145,KH0003
145,KH0016
145,KH0037
145,KH0057
145,KH0071
145,KH0084
145,KH0097
145,KH0105
145,KH0119
145,KH0135
145,KH0138
146,KH0003
146,KH0012
146,KH0033
146,KH0053
146,KH0071
146,KH0080
146,KH0097
146,KH0105
146,KH0115
146,KH0135
146,KH0138
147,KH0003
147,KH0009
147,KH0030
147,KH0050
147,KH0071
147,KH0077
147,KH0097
147,KH0105
147,KH0112
147,KH0135
147,KH0138
148,KH0003
148,KH0010
148,KH0031
148,KH0051
148,KH0071
148,KH0078
148,KH0097
148,KH0106
148,KH0113
148,KH0135
148,KH0138
149,KH0003
149,KH0009
149,KH0030
149,KH0050
149,KH0071
149,KH0077
149,KH0097
149,KH0106
149,KH0112
149,KH0135
149,KH0138
150,KH0003
150,KH0016
150,KH0037
150,KH0057
150,KH0071
150,KH0084
150,KH0097
150,KH0105
150,KH0119
150,KH0135
150,KH0138
151,KH0003
151,KH0016
151,KH0037
151,KH0057
151,KH0071
151,KH0084
151,KH0097
151,KH0106
151,KH0119
151,KH0135
151,KH0138
152,KH0003
152,KH0009
152,KH0030
152,KH0050
152,KH0071
152,KH0077
152,KH0097
152,KH0105
152,KH0112
152,KH0135
152,KH0138
153,KH0003
153,KH0015
153,KH0036
153,KH0056
153,KH0071
153,KH0083
153,KH0097
153,KH0106
153,KH0118
153,KH0135
153,KH0138
154,KH0003
154,KH0011
154,KH0032
154,KH0052
154,KH0071
154,KH0079
154,KH0097
154,KH0105
154,KH0114
154,KH0135
154,KH0138
155,KH0003
155,KH0009
155,KH0030
155,KH0050
155,KH0071
155,KH0077
155,KH0097
155,KH0106
155,KH0112
155,KH0135
155,KH0138
156,KH0003
156,KH0015
156,KH0036
156,KH0056
156,KH0071
156,KH0083
156,KH0097
156,KH0105
156,KH0118
156,KH0135
156,KH0138
157,KH0003
157,KH0013
157,KH0034
157,KH0054
157,KH0071
157,KH0081
157,KH0097
157,KH0105
157,KH0116
157,KH0135
157,KH0138
158,KH0003
158,KH0015
158,KH0036
158,KH0056
158,KH0071
158,KH0083
158,KH0097
158,KH0105
158,KH0118
158,KH0135
158,KH0138
159,KH0003
159,KH0013
159,KH0034
159,KH0054
159,KH0071
159,KH0081
159,KH0097
159,KH0105
159,KH0116
159,KH0135
159,KH0138
160,KH0003
160,KH0016
160,KH0037
160,KH0057
160,KH0071
160,KH0084
160,KH0097
160,KH0105
160,KH0119
160,KH0135
160,KH0138
161,KH0003
161,KH0015
161,KH0036
161,KH0056
161,KH0071
161,KH0083
161,KH0097
161,KH0106
161,KH0118
161,KH0135
161,KH0138
162,KH0003
162,KH0015
162,KH0036
162,KH0056
162,KH0071
162,KH0083
162,KH0097
162,KH0105
162,KH0118
162,KH0135
162,KH0138
163,KH0003
163,KH0010
163,KH0031
163,KH0051
163,KH0071
163,KH0078
163,KH0097
163,KH0105
163,KH0113
163,KH0135
163,KH0138
164,KH0003
164,KH0013
164,KH0034
164,KH0054
164,KH0071
164,KH0081
164,KH0097
164,KH0106
164,KH0116
164,KH0135
164,KH0138
165,KH0003
165,KH0013
165,KH0034
165,KH0054
165,KH0071
165,KH0081
165,KH0097
165,KH0106
165,KH0116
165,KH0135
165,KH0138
166,KH0003
166,KH0010
166,KH0031
166,KH0051
166,KH0071
166,KH0078
166,KH0097
166,KH0105
166,KH0113
166,KH0135
166,KH0138
167,KH0003
167,KH0016
167,KH0037
167,KH0057
167,KH0071
167,KH0084
167,KH0097
167,KH0106
167,KH0119
167,KH0135
167,KH0138
168,KH0003
168,KH0013
168,KH0034
168,KH0054
168,KH0071
168,KH0081
168,KH0097
168,KH0106
168,KH0116
168,KH0135
168,KH0138
169,KH0003
169,KH0016
169,KH0037
169,KH0057
169,KH0071
169,KH0084
169,KH0097
169,KH0105
169,KH0119
169,KH0135
169,KH0138
170,KH0003
170,KH0015
170,KH0036
170,KH0056
170,KH0071
170,KH0083
170,KH0097
170,KH0105
170,KH0118
170,KH0135
170,KH0138
171,KH0003
171,KH0014
171,KH0035
171,KH0055
171,KH0071
171,KH0082
171,KH0097
171,KH0106
171,KH0117
171,KH0135
171,KH0138
172,KH0003
172,KH0015
172,KH0036
172,KH0056
172,KH0071
172,KH0083
172,KH0097
172,KH0106
172,KH0118
172,KH0135
172,KH0138
173,KH0003
173,KH0015
173,KH0036
173,KH0056
173,KH0071
173,KH0083
173,KH0097
173,KH0105
173,KH0118
173,KH0135
173,KH0138
174,KH0003
174,KH0011
174,KH0032
174,KH0052
174,KH0071
174,KH0079
174,KH0097
174,KH0105
174,KH0114
174,KH0135
174,KH0138
175,KH0003
175,KH0011
175,KH0032
175,KH0052
175,KH0071
175,KH0079
175,KH0097
175,KH0105
175,KH0114
175,KH0135
175,KH0138
176,KH0003
176,KH0013
176,KH0034
176,KH0054
176,KH0071
176,KH0081
176,KH0097
176,KH0106
176,KH0116
176,KH0135
176,KH0138
177,KH0003
177,KH0016
177,KH0037
177,KH0057
177,KH0071
177,KH0084
177,KH0097
177,KH0106
177,KH0119
177,KH0135
177,KH0138
178,KH0003
178,KH0016
178,KH0037
178,KH0057
178,KH0071
178,KH0084
178,KH0097
178,KH0106
178,KH0119
178,KH0135
178,KH0138
179,KH0003
179,KH0016
179,KH0037
179,KH0057
179,KH0071
179,KH0084
179,KH0097
179,KH0105
179,KH0119
179,KH0135
179,KH0138
180,KH0003
180,KH0016
180,KH0037
180,KH0057
180,KH0071
180,KH0084
180,KH0097
180,KH0106
180,KH0119
180,KH0135
180,KH0138
181,KH0003
181,KH0015
181,KH0036
181,KH0056
181,KH0071
181,KH0083
181,KH0097
181,KH0106
181,KH0118
181,KH0135
181,KH0138
182,KH0003
182,KH0015
182,KH0036
182,KH0056
182,KH0071
182,KH0083
182,KH0097
182,KH0106
182,KH0118
182,KH0135
182,KH0138
183,KH0003
183,KH0016
183,KH0037
183,KH0057
183,KH0071
183,KH0084
183,KH0097
183,KH0105
183,KH0119
183,KH0135
183,KH0138
184,KH0003
184,KH0009
184,KH0030
184,KH0050
184,KH0071
184,KH0077
184,KH0097
184,KH0106
184,KH0112
184,KH0135
184,KH0138
185,KH0003
185,KH0009
185,KH0030
185,KH0050
185,KH0071
185,KH0077
185,KH0097
185,KH0106
185,KH0112
185,KH0135
185,KH0138
186,KH0003
186,KH0016
186,KH0037
186,KH0057
186,KH0071
186,KH0084
186,KH0097
186,KH0106
186,KH0119
186,KH0135
186,KH0138
187,KH0003
187,KH0009
187,KH0030
187,KH0050
187,KH0071
187,KH0077
187,KH0097
187,KH0106
187,KH0112
187,KH0135
187,KH0138
188,KH0003
188,KH0009
188,KH0030
188,KH0050
188,KH0071
188,KH0077
188,KH0097
188,KH0106
188,KH0112
188,KH0135
188,KH0138
189,KH0006
189,KH0029
189,KH0069
189,KH0074
189,KH0104
189,KH0110
189,KH0130
189,KH0137
190,KH0004
190,KH0018
190,KH0027
190,KH0039
190,KH0059
190,KH0072
190,KH0086
190,KH0107
190,KH0121
191,KH0004
191,KH0026
191,KH0047
191,KH0067
191,KH0072
191,KH0094
191,KH0099
191,KH0108
191,KH0129
192,KH0003
192,KH0013
192,KH0034
192,KH0054
192,KH0071
192,KH0081
192,KH0097
192,KH0105
192,KH0116
192,KH0135
192,KH0138
193,KH0003
193,KH0013
193,KH0034
193,KH0054
193,KH0071
193,KH0081
193,KH0097
193,KH0106
193,KH0116
193,KH0135
193,KH0138
194,KH0003
194,KH0013
194,KH0034
194,KH0054
194,KH0071
194,KH0081
194,KH0097
194,KH0106
194,KH0116
194,KH0135
194,KH0138
195,KH0003
195,KH0013
195,KH0034
195,KH0054
195,KH0071
195,KH0081
195,KH0097
195,KH0105
195,KH0116
195,KH0135
195,KH0138
196,KH0003
196,KH0013
196,KH0034
196,KH0054
196,KH0071
196,KH0081
196,KH0097
196,KH0106
196,KH0116
196,KH0135
196,KH0138
197,KH0003
197,KH0013
197,KH0034
197,KH0054
197,KH0071
197,KH0081
197,KH0097
197,KH0105
197,KH0116
197,KH0135
197,KH0138
198,KH0003
198,KH0013
198,KH0034
198,KH0054
198,KH0071
198,KH0081
198,KH0097
198,KH0105
198,KH0116
198,KH0135
198,KH0138
199,KH0003
199,KH0013
199,KH0034
199,KH0054
199,KH0071
199,KH0081
199,KH0097
199,KH0105
199,KH0116
199,KH0135
199,KH0138
200,KH0003
200,KH0013
200,KH0034
200,KH0054
200,KH0071
200,KH0081
200,KH0097
200,KH0106
200,KH0116
200,KH0135
200,KH0138
201,KH0003
201,KH0013
201,KH0034
201,KH0054
201,KH0071
201,KH0081
201,KH0097
201,KH0106
201,KH0116
201,KH0135
201,KH0138
202,KH0012
202,KH0033
202,KH0053
202,KH0080
202,KH0115
203,KH0004
203,KH0019
203,KH0040
203,KH0060
203,KH0072
203,KH0087
203,KH0108
203,KH0122
203,KH0133
204,KH0003
204,KH0014
204,KH0035
204,KH0055
204,KH0071
204,KH0082
204,KH0097
204,KH0105
204,KH0117
204,KH0135
204,KH0138
205,KH0003
205,KH0014
205,KH0035
205,KH0055
205,KH0071
205,KH0082
205,KH0097
205,KH0106
205,KH0117
205,KH0135
205,KH0138
206,KH0003
206,KH0014
206,KH0035
206,KH0055
206,KH0071
206,KH0082
206,KH0097
206,KH0106
206,KH0117
206,KH0135
206,KH0138
207,KH0003
207,KH0014
207,KH0035
207,KH0055
207,KH0071
207,KH0082
207,KH0097
207,KH0105
207,KH0117
207,KH0135
207,KH0138
208,KH0003
208,KH0014
208,KH0035
208,KH0055
208,KH0071
208,KH0082
208,KH0097
208,KH0106
208,KH0117
208,KH0135
208,KH0138
209,KH0003
209,KH0014
209,KH0035
209,KH0055
209,KH0071
209,KH0082
209,KH0097
209,KH0105
209,KH0117
209,KH0135
209,KH0138
210,KH0003
210,KH0014
210,KH0035
210,KH0055
210,KH0071
210,KH0082
210,KH0097
210,KH0105
210,KH0117
210,KH0135
210,KH0138
211,KH0003
211,KH0014
211,KH0035
211,KH0055
211,KH0071
211,KH0082
211,KH0097
211,KH0105
211,KH0117
211,KH0135
211,KH0138
212,KH0003
212,KH0014
212,KH0035
212,KH0055
212,KH0071
212,KH0082
212,KH0097
212,KH0106
212,KH0117
212,KH0135
212,KH0138
213,KH0003
213,KH0014
213,KH0035
213,KH0055
213,KH0071
213,KH0082
213,KH0097
213,KH0106
213,KH0117
213,KH0135
213,KH0138
214,KH0004
214,KH0018
214,KH0039
214,KH0059
214,KH0072
214,KH0086
214,KH0107
214,KH0121
214,KH0139
215,KH0001
215,KH0006
215,KH0049
215,KH0069
215,KH0074
215,KH0104
215,KH0110
215,KH0134
216,KH0004
216,KH0019
216,KH0040
216,KH0060
216,KH0072
216,KH0087
216,KH0108
216,KH0122
216,KH0139
217,KH0004
217,KH0018
217,KH0039
217,KH0059
217,KH0072
217,KH0086
217,KH0108
217,KH0121
217,KH0133
218,KH0004
218,KH0018
218,KH0039
218,KH0059
218,KH0072
218,KH0086
218,KH0108
218,KH0121
218,KH0139
219,KH0019
219,KH0040
219,KH0060
219,KH0072
219,KH0087
219,KH0099
219,KH0107
219,KH0122
219,KH0133
220,KH0004
220,KH0019
220,KH0040
220,KH0060
220,KH0072
220,KH0087
220,KH0107
220,KH0122
220,KH0133
221,KH0019
221,KH0040
221,KH0060
221,KH0072
221,KH0087
221,KH0102
221,KH0107
221,KH0122
221,KH0139
222,KH0004
222,KH0019
222,KH0040
222,KH0060
222,KH0072
222,KH0087
222,KH0108
222,KH0122
222,KH0133
223,KH0019
223,KH0040
223,KH0060
223,KH0072
223,KH0087
223,KH0099
223,KH0108
223,KH0122
223,KH0139
224,KH0004
224,KH0019
224,KH0040
224,KH0060
224,KH0072
224,KH0087
224,KH0102
224,KH0108
224,KH0122
225,KH0019
225,KH0040
225,KH0060
225,KH0072
225,KH0087
225,KH0107
225,KH0122
225,KH0133
225,KH0139
226,KH0019
226,KH0027
226,KH0040
226,KH0060
226,KH0072
226,KH0087
226,KH0108
226,KH0122
226,KH0133
227,KH0004
227,KH0019
227,KH0040
227,KH0060
227,KH0072
227,KH0087
227,KH0107
227,KH0122
227,KH0139
228,KH0019
228,KH0040
228,KH0060
228,KH0072
228,KH0087
228,KH0098
228,KH0108
228,KH0122
228,KH0133
229,KH0017
229,KH0038
229,KH0058
229,KH0072
229,KH0085
229,KH0108
229,KH0120
229,KH0133
229,KH0136
230,KH0024
230,KH0045
230,KH0065
230,KH0072
230,KH0092
230,KH0108
230,KH0127
230,KH0136
230,KH0139
231,KH0019
231,KH0040
231,KH0060
231,KH0072
231,KH0087
231,KH0101
231,KH0107
231,KH0122
231,KH0139
232,KH0019
232,KH0027
232,KH0040
232,KH0060
232,KH0072
232,KH0087
232,KH0107
232,KH0122
232,KH0133
233,KH0019
233,KH0040
233,KH0060
233,KH0072
233,KH0087
233,KH0108
233,KH0122
233,KH0133
233,KH0139
234,KH0004
234,KH0019
234,KH0027
234,KH0040
234,KH0060
234,KH0072
234,KH0087
234,KH0107
234,KH0122
235,KH0004
235,KH0026
235,KH0047
235,KH0067
235,KH0072
235,KH0094
235,KH0107
235,KH0129
235,KH0133
236,KH0004
236,KH0019
236,KH0027
236,KH0040
236,KH0060
236,KH0072
236,KH0087
236,KH0107
236,KH0122
237,KH0019
237,KH0040
237,KH0060
237,KH0072
237,KH0087
237,KH0108
237,KH0122
237,KH0133
237,KH0136
238,KH0004
238,KH0020
238,KH0041
238,KH0061
238,KH0072
238,KH0088
238,KH0108
238,KH0123
238,KH0139
239,KH0018
239,KH0039
239,KH0059
239,KH0072
239,KH0086
239,KH0108
239,KH0121
239,KH0133
239,KH0136
240,KH0020
240,KH0027
240,KH0041
240,KH0061
240,KH0072
240,KH0088
240,KH0107
240,KH0123
240,KH0133
241,KH0004
241,KH0024
241,KH0045
241,KH0065
241,KH0072
241,KH0092
241,KH0098
241,KH0107
241,KH0127
242,KH0018
242,KH0027
242,KH0039
242,KH0059
242,KH0072
242,KH0086
242,KH0107
242,KH0121
242,KH0136
243,KH0020
243,KH0041
243,KH0061
243,KH0072
243,KH0088
243,KH0108
243,KH0123
243,KH0136
243,KH0139
244,KH0018
244,KH0039
244,KH0059
244,KH0072
244,KH0086
244,KH0099
244,KH0108
244,KH0121
244,KH0136
245,KH0004
245,KH0018
245,KH0039
245,KH0059
245,KH0072
245,KH0086
245,KH0107
245,KH0121
245,KH0133
246,KH0020
246,KH0041
246,KH0061
246,KH0072
246,KH0088
246,KH0108
246,KH0123
246,KH0136
246,KH0139
247,KH0019
247,KH0040
247,KH0060
247,KH0072
247,KH0087
247,KH0101
247,KH0108
247,KH0122
247,KH0133
248,KH0018
248,KH0039
248,KH0059
248,KH0072
248,KH0086
248,KH0099
248,KH0107
248,KH0121
248,KH0136
249,KH0018
249,KH0039
249,KH0059
249,KH0072
249,KH0086
249,KH0101
249,KH0107
249,KH0121
249,KH0133
250,KH0019
250,KH0040
250,KH0060
250,KH0072
250,KH0087
250,KH0108
250,KH0122
250,KH0133
250,KH0136
251,KH0018
251,KH0039
251,KH0059
251,KH0072
251,KH0086
251,KH0108
251,KH0121
251,KH0136
251,KH0139
252,KH0004
252,KH0018
252,KH0039
252,KH0059
252,KH0072
252,KH0086
252,KH0098
252,KH0107
252,KH0121
253,KH0018
253,KH0039
253,KH0059
253,KH0072
253,KH0086
253,KH0108
253,KH0121
253,KH0136
253,KH0139
254,KH0004
254,KH0018
254,KH0039
254,KH0059
254,KH0072
254,KH0086
254,KH0108
254,KH0121
254,KH0139
255,KH0020
255,KH0041
255,KH0061
255,KH0072
255,KH0088
255,KH0098
255,KH0108
255,KH0123
255,KH0139
256,KH0018
256,KH0039
256,KH0059
256,KH0072
256,KH0086
256,KH0099
256,KH0108
256,KH0121
256,KH0136
257,KH0004
257,KH0020
257,KH0041
257,KH0061
257,KH0072
257,KH0088
257,KH0108
257,KH0123
257,KH0136
258,KH0018
258,KH0039
258,KH0059
258,KH0072
258,KH0086
258,KH0101
258,KH0107
258,KH0121
258,KH0139
259,KH0020
259,KH0041
259,KH0061
259,KH0072
259,KH0088
259,KH0107
259,KH0123
259,KH0136
259,KH0139
260,KH0024
260,KH0027
260,KH0045
260,KH0065
260,KH0072
260,KH0092
260,KH0107
260,KH0127
260,KH0139
261,KH0024
261,KH0045
261,KH0065
261,KH0072
261,KH0092
261,KH0101
261,KH0108
261,KH0127
261,KH0136
262,KH0018
262,KH0039
262,KH0059
262,KH0072
262,KH0086
262,KH0107
262,KH0121
262,KH0133
262,KH0139
263,KH0024
263,KH0045
263,KH0065
263,KH0072
263,KH0092
263,KH0107
263,KH0127
263,KH0133
263,KH0139
264,KH0004
264,KH0024
264,KH0045
264,KH0065
264,KH0072
264,KH0092
264,KH0099
264,KH0107
264,KH0127
265,KH0004
265,KH0024
265,KH0027
265,KH0045
265,KH0065
265,KH0072
265,KH0092
265,KH0107
265,KH0127
266,KH0004
266,KH0018
266,KH0027
266,KH0039
266,KH0059
266,KH0072
266,KH0086
266,KH0107
266,KH0121
267,KH0018
267,KH0039
267,KH0059
267,KH0072
267,KH0086
267,KH0108
267,KH0121
267,KH0133
267,KH0139
268,KH0020
268,KH0041
268,KH0061
268,KH0072
268,KH0088
268,KH0099
268,KH0108
268,KH0123
268,KH0136
269,KH0004
269,KH0024
269,KH0045
269,KH0065
269,KH0072
269,KH0092
269,KH0107
269,KH0127
269,KH0133
270,KH0020
270,KH0027
270,KH0041
270,KH0061
270,KH0072
270,KH0088
270,KH0107
270,KH0123
270,KH0133
271,KH0024
271,KH0027
271,KH0045
271,KH0065
271,KH0072
271,KH0092
271,KH0107
271,KH0127
271,KH0133
272,KH0020
272,KH0041
272,KH0061
272,KH0072
272,KH0088
272,KH0099
272,KH0108
272,KH0123
272,KH0136
273,KH0024
273,KH0045
273,KH0065
273,KH0072
273,KH0092
273,KH0102
273,KH0107
273,KH0127
273,KH0139
274,KH0024
274,KH0045
274,KH0065
274,KH0072
274,KH0092
274,KH0098
274,KH0107
274,KH0127
274,KH0133
275,KH0026
275,KH0047
275,KH0067
275,KH0072
275,KH0094
275,KH0108
275,KH0129
275,KH0133
275,KH0139
276,KH0024
276,KH0045
276,KH0065
276,KH0072
276,KH0092
276,KH0098
276,KH0108
276,KH0127
276,KH0136
277,KH0020
277,KH0027
277,KH0041
277,KH0061
277,KH0072
277,KH0088
277,KH0107
277,KH0123
277,KH0133
278,KH0024
278,KH0045
278,KH0065
278,KH0072
278,KH0092
278,KH0102
278,KH0107
278,KH0127
278,KH0133
279,KH0004
279,KH0024
279,KH0045
279,KH0065
279,KH0072
279,KH0092
279,KH0107
279,KH0127
279,KH0133
280,KH0024
280,KH0045
280,KH0065
280,KH0072
280,KH0092
280,KH0102
280,KH0108
280,KH0127
280,KH0136
281,KH0004
281,KH0024
281,KH0027
281,KH0045
281,KH0065
281,KH0072
281,KH0092
281,KH0107
281,KH0127
282,KH0024
282,KH0045
282,KH0065
282,KH0072
282,KH0092
282,KH0108
282,KH0127
282,KH0136
282,KH0139
283,KH0024
283,KH0045
283,KH0065
283,KH0072
283,KH0092
283,KH0099
283,KH0107
283,KH0127
283,KH0133
284,KH0020
284,KH0027
284,KH0041
284,KH0061
284,KH0072
284,KH0088
284,KH0108
284,KH0123
284,KH0136
285,KH0024
285,KH0045
285,KH0065
285,KH0072
285,KH0092
285,KH0098
285,KH0108
285,KH0127
285,KH0136
286,KH0018
286,KH0039
286,KH0059
286,KH0072
286,KH0086
286,KH0107
286,KH0121
286,KH0133
286,KH0139
287,KH0018
287,KH0039
287,KH0059
287,KH0072
287,KH0086
287,KH0101
287,KH0107
287,KH0121
287,KH0133
288,KH0004
288,KH0024
288,KH0045
288,KH0065
288,KH0072
288,KH0092
288,KH0098
288,KH0107
288,KH0127
289,KH0004
289,KH0024
289,KH0045
289,KH0065
289,KH0072
289,KH0092
289,KH0101
289,KH0108
289,KH0127
290,KH0004
290,KH0020
290,KH0041
290,KH0061
290,KH0072
290,KH0088
290,KH0102
290,KH0107
290,KH0123
291,KH0003
291,KH0010
291,KH0031
291,KH0051
291,KH0071
291,KH0078
291,KH0097
291,KH0106
291,KH0113
291,KH0135
291,KH0138
292,KH0024
292,KH0045
292,KH0065
292,KH0072
292,KH0092
292,KH0098
292,KH0108
292,KH0127
292,KH0136
293,KH0021
293,KH0042
293,KH0062
293,KH0072
293,KH0089
293,KH0108
293,KH0124
293,KH0133
293,KH0136
294,KH0018
294,KH0039
294,KH0059
294,KH0072
294,KH0086
294,KH0101
294,KH0107
294,KH0121
294,KH0133
295,KH0004
295,KH0021
295,KH0042
295,KH0062
295,KH0072
295,KH0089
295,KH0108
295,KH0124
295,KH0136
296,KH0021
296,KH0042
296,KH0062
296,KH0072
296,KH0089
296,KH0099
296,KH0107
296,KH0124
296,KH0133
297,KH0021
297,KH0042
297,KH0062
297,KH0072
297,KH0089
297,KH0099
297,KH0108
297,KH0124
297,KH0136
298,KH0021
298,KH0042
298,KH0062
298,KH0072
298,KH0089
298,KH0108
298,KH0124
298,KH0136
298,KH0139
299,KH0004
299,KH0024
299,KH0045
299,KH0065
299,KH0072
299,KH0092
299,KH0102
299,KH0107
299,KH0127
300,KH0018
300,KH0039
300,KH0059
300,KH0072
300,KH0086
300,KH0101
300,KH0108
300,KH0121
300,KH0133
301,KH0018
301,KH0039
301,KH0059
301,KH0072
301,KH0086
301,KH0099
301,KH0108
301,KH0121
301,KH0133
302,KH0021
302,KH0042
302,KH0062
302,KH0072
302,KH0089
302,KH0099
302,KH0108
302,KH0124
302,KH0136
303,KH0004
303,KH0021
303,KH0042
303,KH0062
303,KH0089
303,KH0099
303,KH0108
303,KH0124
303,KH0136
304,KH0004
304,KH0020
304,KH0041
304,KH0061
304,KH0072
304,KH0088
304,KH0108
304,KH0123
304,KH0136
305,KH0021
305,KH0042
305,KH0062
305,KH0072
305,KH0089
305,KH0108
305,KH0124
305,KH0136
305,KH0139
306,KH0021
306,KH0042
306,KH0062
306,KH0072
306,KH0089
306,KH0108
306,KH0124
306,KH0136
306,KH0139
307,KH0021
307,KH0042
307,KH0062
307,KH0072
307,KH0089
307,KH0108
307,KH0124
307,KH0136
307,KH0139
308,KH0004
308,KH0024
308,KH0045
308,KH0065
308,KH0072
308,KH0092
308,KH0101
308,KH0107
308,KH0127
309,KH0004
309,KH0021
309,KH0042
309,KH0062
309,KH0072
309,KH0089
309,KH0107
309,KH0124
309,KH0133
310,KH0020
310,KH0041
310,KH0061
310,KH0072
310,KH0088
310,KH0108
310,KH0123
310,KH0136
310,KH0139
311,KH0024
311,KH0045
311,KH0065
311,KH0072
311,KH0092
311,KH0108
311,KH0127
311,KH0136
311,KH0139
312,KH0019
312,KH0027
312,KH0040
312,KH0060
312,KH0072
312,KH0087
312,KH0102
312,KH0107
312,KH0122
313,KH0019
313,KH0027
313,KH0040
313,KH0060
313,KH0072
313,KH0087
313,KH0099
313,KH0107
313,KH0122
314,KH0024
314,KH0045
314,KH0065
314,KH0072
314,KH0092
314,KH0098
314,KH0108
314,KH0127
314,KH0136
315,KH0004
315,KH0019
315,KH0040
315,KH0060
315,KH0072
315,KH0087
315,KH0107
315,KH0122
315,KH0133
316,KH0020
316,KH0041
316,KH0061
316,KH0072
316,KH0088
316,KH0108
316,KH0123
316,KH0136
316,KH0139
317,KH0024
317,KH0045
317,KH0065
317,KH0072
317,KH0092
317,KH0099
317,KH0108
317,KH0127
317,KH0136
318,KH0019
318,KH0040
318,KH0060
318,KH0072
318,KH0087
318,KH0102
318,KH0107
318,KH0122
318,KH0133
319,KH0019
319,KH0040
319,KH0060
319,KH0072
319,KH0087
319,KH0101
319,KH0107
319,KH0122
319,KH0139
320,KH0024
320,KH0045
320,KH0065
320,KH0072
320,KH0092
320,KH0108
320,KH0127
320,KH0136
320,KH0139
321,KH0019
321,KH0040
321,KH0060
321,KH0072
321,KH0087
321,KH0098
321,KH0108
321,KH0122
321,KH0133
322,KH0024
322,KH0045
322,KH0065
322,KH0072
322,KH0092
322,KH0108
322,KH0127
322,KH0136
322,KH0139
323,KH0024
323,KH0027
323,KH0045
323,KH0065
323,KH0072
323,KH0092
323,KH0102
323,KH0107
323,KH0127
324,KH0026
324,KH0027
324,KH0047
324,KH0067
324,KH0072
324,KH0094
324,KH0101
324,KH0107
324,KH0129
325,KH0004
325,KH0024
325,KH0045
325,KH0065
325,KH0072
325,KH0092
325,KH0101
325,KH0107
325,KH0127
326,KH0019
326,KH0027
326,KH0040
326,KH0060
326,KH0072
326,KH0087
326,KH0101
326,KH0107
326,KH0122
327,KH0026
327,KH0047
327,KH0067
327,KH0072
327,KH0094
327,KH0099
327,KH0108
327,KH0129
327,KH0136
328,KH0018
328,KH0039
328,KH0059
328,KH0072
328,KH0086
328,KH0102
328,KH0108
328,KH0121
328,KH0133
329,KH0026
329,KH0047
329,KH0067
329,KH0072
329,KH0094
329,KH0108
329,KH0129
329,KH0133
329,KH0136
330,KH0004
330,KH0025
330,KH0046
330,KH0066
330,KH0072
330,KH0093
330,KH0102
330,KH0107
330,KH0128
331,KH0026
331,KH0047
331,KH0067
331,KH0072
331,KH0094
331,KH0101
331,KH0107
331,KH0129
331,KH0133
332,KH0004
332,KH0026
332,KH0047
332,KH0067
332,KH0072
332,KH0094
332,KH0098
332,KH0108
332,KH0129
333,KH0026
333,KH0047
333,KH0067
333,KH0072
333,KH0094
333,KH0101
333,KH0107
333,KH0129
333,KH0139
334,KH0026
334,KH0047
334,KH0067
334,KH0072
334,KH0094
334,KH0108
334,KH0129
334,KH0133
334,KH0136
335,KH0026
335,KH0047
335,KH0067
335,KH0072
335,KH0094
335,KH0099
335,KH0107
335,KH0129
335,KH0133
336,KH0025
336,KH0046
336,KH0066
336,KH0072
336,KH0093
336,KH0102
336,KH0108
336,KH0128
336,KH0133
337,KH0004
337,KH0026
337,KH0047
337,KH0067
337,KH0072
337,KH0094
337,KH0098
337,KH0107
337,KH0129
338,KH0026
338,KH0047
338,KH0067
338,KH0072
338,KH0094
338,KH0102
338,KH0108
338,KH0129
338,KH0136
339,KH0004
339,KH0026
339,KH0047
339,KH0067
339,KH0072
339,KH0094
339,KH0107
339,KH0129
339,KH0133
340,KH0026
340,KH0047
340,KH0067
340,KH0072
340,KH0094
340,KH0099
340,KH0108
340,KH0129
340,KH0136
341,KH0004
341,KH0026
341,KH0047
341,KH0067
341,KH0072
341,KH0094
341,KH0098
341,KH0107
341,KH0129
342,KH0004
342,KH0025
342,KH0046
342,KH0066
342,KH0072
342,KH0093
342,KH0108
342,KH0128
342,KH0139
343,KH0004
343,KH0026
343,KH0047
343,KH0067
343,KH0072
343,KH0094
343,KH0099
343,KH0107
343,KH0129
344,KH0026
344,KH0047
344,KH0067
344,KH0072
344,KH0094
344,KH0107
344,KH0129
344,KH0133
344,KH0139
345,KH0020
345,KH0041
345,KH0061
345,KH0072
345,KH0088
345,KH0102
345,KH0107
345,KH0123
345,KH0133
346,KH0025
346,KH0046
346,KH0066
346,KH0072
346,KH0093
346,KH0099
346,KH0108
346,KH0128
346,KH0139
347,KH0004
347,KH0020
347,KH0041
347,KH0061
347,KH0072
347,KH0088
347,KH0102
347,KH0107
347,KH0123
348,KH0025
348,KH0027
348,KH0046
348,KH0066
348,KH0072
348,KH0093
348,KH0101
348,KH0107
348,KH0128
349,KH0004
349,KH0025
349,KH0046
349,KH0066
349,KH0072
349,KH0093
349,KH0107
349,KH0128
349,KH0133
350,KH0018
350,KH0027
350,KH0039
350,KH0059
350,KH0072
350,KH0086
350,KH0102
350,KH0107
350,KH0121
351,KH0025
351,KH0046
351,KH0066
351,KH0072
351,KH0093
351,KH0099
351,KH0108
351,KH0128
351,KH0133
352,KH0004
352,KH0026
352,KH0027
352,KH0047
352,KH0067
352,KH0072
352,KH0094
352,KH0107
352,KH0129
353,KH0004
353,KH0025
353,KH0046
353,KH0066
353,KH0072
353,KH0093
353,KH0108
353,KH0128
353,KH0136
354,KH0004
354,KH0018
354,KH0027
354,KH0039
354,KH0059
354,KH0072
354,KH0086
354,KH0107
354,KH0121
355,KH0004
355,KH0025
355,KH0046
355,KH0066
355,KH0072
355,KH0093
355,KH0107
355,KH0128
355,KH0133
356,KH0026
356,KH0047
356,KH0067
356,KH0072
356,KH0094
356,KH0098
356,KH0108
356,KH0129
356,KH0136
357,KH0020
357,KH0041
357,KH0061
357,KH0072
357,KH0088
357,KH0108
357,KH0123
357,KH0133
357,KH0136
358,KH0025
358,KH0046
358,KH0066
358,KH0072
358,KH0093
358,KH0108
358,KH0128
358,KH0133
358,KH0136
359,KH0025
359,KH0046
359,KH0066
359,KH0072
359,KH0093
359,KH0108
359,KH0128
359,KH0133
359,KH0136
360,KH0024
360,KH0045
360,KH0065
360,KH0072
360,KH0092
360,KH0098
360,KH0108
360,KH0127
360,KH0136
361,KH0019
361,KH0040
361,KH0060
361,KH0072
361,KH0087
361,KH0098
361,KH0108
361,KH0122
361,KH0136
362,KH0024
362,KH0045
362,KH0065
362,KH0072
362,KH0092
362,KH0101
362,KH0108
362,KH0127
362,KH0136
363,KH0025
363,KH0046
363,KH0066
363,KH0072
363,KH0093
363,KH0108
363,KH0128
363,KH0136
363,KH0139
364,KH0019
364,KH0040
364,KH0060
364,KH0072
364,KH0087
364,KH0108
364,KH0122
364,KH0136
364,KH0139
365,KH0026
365,KH0047
365,KH0067
365,KH0072
365,KH0094
365,KH0108
365,KH0129
365,KH0136
365,KH0139
366,KH0004
366,KH0026
366,KH0047
366,KH0067
366,KH0072
366,KH0094
366,KH0108
366,KH0129
366,KH0136
367,KH0004
367,KH0025
367,KH0046
367,KH0066
367,KH0072
367,KH0093
367,KH0108
367,KH0128
367,KH0136
368,KH0004
368,KH0019
368,KH0040
368,KH0060
368,KH0072
368,KH0087
368,KH0107
368,KH0122
368,KH0133
369,KH0026
369,KH0027
369,KH0047
369,KH0067
369,KH0072
369,KH0094
369,KH0107
369,KH0129
369,KH0133
370,KH0004
370,KH0019
370,KH0040
370,KH0060
370,KH0072
370,KH0087
370,KH0098
370,KH0107
370,KH0122
371,KH0004
371,KH0026
371,KH0047
371,KH0067
371,KH0072
371,KH0094
371,KH0098
371,KH0107
371,KH0129
372,KH0025
372,KH0046
372,KH0066
372,KH0072
372,KH0093
372,KH0102
372,KH0107
372,KH0128
372,KH0133
373,KH0025
373,KH0046
373,KH0066
373,KH0072
373,KH0093
373,KH0101
373,KH0108
373,KH0128
373,KH0136
374,KH0026
374,KH0047
374,KH0067
374,KH0072
374,KH0094
374,KH0108
374,KH0129
374,KH0133
374,KH0136
375,KH0004
375,KH0025
375,KH0027
375,KH0046
375,KH0066
375,KH0072
375,KH0093
375,KH0107
375,KH0128
376,KH0004
376,KH0025
376,KH0046
376,KH0066
376,KH0072
376,KH0093
376,KH0107
376,KH0128
376,KH0133
377,KH0004
377,KH0025
377,KH0046
377,KH0066
377,KH0072
377,KH0093
377,KH0107
377,KH0128
377,KH0133
378,KH0020
378,KH0041
378,KH0061
378,KH0072
378,KH0088
378,KH0108
378,KH0123
378,KH0133
378,KH0136
379,KH0004
379,KH0020
379,KH0041
379,KH0061
379,KH0072
379,KH0088
379,KH0107
379,KH0123
379,KH0133
380,KH0026
380,KH0047
380,KH0067
380,KH0072
380,KH0094
380,KH0098
380,KH0108
380,KH0129
380,KH0133
381,KH0025
381,KH0027
381,KH0046
381,KH0066
381,KH0072
381,KH0093
381,KH0099
381,KH0107
381,KH0128
382,KH0025
382,KH0046
382,KH0066
382,KH0072
382,KH0093
382,KH0101
382,KH0108
382,KH0128
382,KH0139
383,KH0025
383,KH0046
383,KH0066
383,KH0072
383,KH0093
383,KH0108
383,KH0128
383,KH0136
383,KH0139
384,KH0004
384,KH0026
384,KH0047
384,KH0067
384,KH0072
384,KH0094
384,KH0107
384,KH0129
384,KH0133
385,KH0004
385,KH0025
385,KH0046
385,KH0066
385,KH0072
385,KH0093
385,KH0099
385,KH0107
385,KH0128
386,KH0025
386,KH0046
386,KH0066
386,KH0072
386,KH0093
386,KH0108
386,KH0128
386,KH0136
386,KH0139
387,KH0025
387,KH0027
387,KH0046
387,KH0066
387,KH0072
387,KH0093
387,KH0098
387,KH0107
387,KH0128
388,KH0026
388,KH0047
388,KH0067
388,KH0072
388,KH0094
388,KH0101
388,KH0108
388,KH0129
388,KH0139
389,KH0026
389,KH0047
389,KH0067
389,KH0072
389,KH0094
389,KH0101
389,KH0108
389,KH0129
389,KH0133
390,KH0004
390,KH0026
390,KH0047
390,KH0067
390,KH0072
390,KH0094
390,KH0107
390,KH0129
390,KH0133
391,KH0004
391,KH0026
391,KH0047
391,KH0067
391,KH0072
391,KH0094
391,KH0098
391,KH0108
391,KH0129
392,KH0025
392,KH0046
392,KH0066
392,KH0072
392,KH0093
392,KH0108
392,KH0128
392,KH0133
392,KH0136
393,KH0004
393,KH0018
393,KH0039
393,KH0059
393,KH0086
393,KH0108
393,KH0121
393,KH0136
393,KH0139
394,KH0026
394,KH0027
394,KH0047
394,KH0067
394,KH0072
394,KH0094
394,KH0107
394,KH0129
394,KH0133
395,KH0025
395,KH0046
395,KH0066
395,KH0072
395,KH0093
395,KH0099
395,KH0108
395,KH0128
395,KH0139
396,KH0025
396,KH0046
396,KH0066
396,KH0072
396,KH0093
396,KH0108
396,KH0128
396,KH0133
396,KH0139
397,KH0004
397,KH0025
397,KH0046
397,KH0066
397,KH0072
397,KH0093
397,KH0102
397,KH0107
397,KH0128
398,KH0025
398,KH0027
398,KH0046
398,KH0066
398,KH0072
398,KH0093
398,KH0102
398,KH0107
398,KH0128
399,KH0026
399,KH0047
399,KH0067
399,KH0072
399,KH0094
399,KH0108
399,KH0129
399,KH0133
399,KH0139
400,KH0026
400,KH0047
400,KH0067
400,KH0072
400,KH0094
400,KH0101
400,KH0107
400,KH0129
400,KH0133
401,KH0004
401,KH0025
401,KH0046
401,KH0066
401,KH0072
401,KH0093
401,KH0108
401,KH0128
401,KH0133
402,KH0025
402,KH0046
402,KH0066
402,KH0072
402,KH0093
402,KH0108
402,KH0128
402,KH0136
402,KH0139
403,KH0018
403,KH0039
403,KH0059
403,KH0072
403,KH0086
403,KH0099
403,KH0108
403,KH0121
403,KH0139
404,KH0004
404,KH0025
404,KH0046
404,KH0066
404,KH0072
404,KH0093
404,KH0102
404,KH0107
404,KH0128
405,KH0004
405,KH0026
405,KH0047
405,KH0067
405,KH0072
405,KH0094
405,KH0099
405,KH0108
405,KH0129
406,KH0025
406,KH0046
406,KH0066
406,KH0072
406,KH0093
406,KH0101
406,KH0108
406,KH0128
406,KH0136
407,KH0004
407,KH0025
407,KH0027
407,KH0046
407,KH0066
407,KH0072
407,KH0093
407,KH0107
407,KH0128
408,KH0004
408,KH0025
408,KH0046
408,KH0066
408,KH0072
408,KH0093
408,KH0107
408,KH0128
408,KH0136
409,KH0023
409,KH0044
409,KH0064
409,KH0072
409,KH0091
409,KH0108
409,KH0126
409,KH0136
409,KH0139
410,KH0022
410,KH0043
410,KH0063
410,KH0072
410,KH0090
410,KH0098
410,KH0108
410,KH0125
410,KH0136
411,KH0022
411,KH0043
411,KH0063
411,KH0072
411,KH0090
411,KH0099
411,KH0108
411,KH0125
411,KH0136
412,KH0004
412,KH0023
412,KH0027
412,KH0044
412,KH0064
412,KH0072
412,KH0091
412,KH0107
412,KH0126
413,KH0004
413,KH0022
413,KH0043
413,KH0063
413,KH0072
413,KH0090
413,KH0101
413,KH0107
413,KH0125
414,KH0023
414,KH0044
414,KH0064
414,KH0072
414,KH0091
414,KH0098
414,KH0108
414,KH0126
414,KH0133
415,KH0023
415,KH0044
415,KH0064
415,KH0072
415,KH0091
415,KH0108
415,KH0126
415,KH0136
415,KH0139
416,KH0022
416,KH0043
416,KH0063
416,KH0072
416,KH0090
416,KH0098
416,KH0108
416,KH0125
416,KH0133
417,KH0023
417,KH0044
417,KH0064
417,KH0072
417,KH0091
417,KH0108
417,KH0126
417,KH0133
417,KH0136
418,KH0004
418,KH0023
418,KH0044
418,KH0064
418,KH0072
418,KH0091
418,KH0108
418,KH0126
418,KH0136
419,KH0022
419,KH0043
419,KH0063
419,KH0072
419,KH0090
419,KH0107
419,KH0125
419,KH0133
419,KH0139
420,KH0004
420,KH0022
420,KH0043
420,KH0063
420,KH0072
420,KH0090
420,KH0102
420,KH0107
420,KH0125
421,KH0023
421,KH0044
421,KH0064
421,KH0072
421,KH0091
421,KH0107
421,KH0126
421,KH0133
421,KH0139
422,KH0004
422,KH0023
422,KH0044
422,KH0064
422,KH0072
422,KH0091
422,KH0098
422,KH0107
422,KH0126
423,KH0022
423,KH0043
423,KH0063
423,KH0072
423,KH0090
423,KH0099
423,KH0108
423,KH0125
423,KH0139
424,KH0004
424,KH0023
424,KH0044
424,KH0064
424,KH0072
424,KH0091
424,KH0102
424,KH0107
424,KH0126
425,KH0004
425,KH0023
425,KH0044
425,KH0064
425,KH0072
425,KH0091
425,KH0102
425,KH0107
425,KH0126
426,KH0022
426,KH0043
426,KH0063
426,KH0072
426,KH0090
426,KH0102
426,KH0107
426,KH0125
426,KH0133
427,KH0023
427,KH0027
427,KH0044
427,KH0064
427,KH0072
427,KH0091
427,KH0108
427,KH0126
427,KH0133
428,KH0022
428,KH0043
428,KH0063
428,KH0072
428,KH0090
428,KH0099
428,KH0108
428,KH0125
428,KH0133
429,KH0023
429,KH0027
429,KH0044
429,KH0064
429,KH0072
429,KH0091
429,KH0098
429,KH0107
429,KH0126
430,KH0022
430,KH0043
430,KH0063
430,KH0072
430,KH0090
430,KH0098
430,KH0108
430,KH0125
430,KH0136
431,KH0004
431,KH0023
431,KH0044
431,KH0064
431,KH0072
431,KH0091
431,KH0101
431,KH0108
431,KH0126
432,KH0022
432,KH0043
432,KH0063
432,KH0072
432,KH0090
432,KH0102
432,KH0108
432,KH0125
432,KH0133
433,KH0023
433,KH0027
433,KH0044
433,KH0064
433,KH0072
433,KH0091
433,KH0101
433,KH0107
433,KH0126
434,KH0004
434,KH0022
434,KH0043
434,KH0063
434,KH0072
434,KH0090
434,KH0102
434,KH0108
434,KH0125
435,KH0022
435,KH0027
435,KH0043
435,KH0063
435,KH0072
435,KH0090
435,KH0108
435,KH0125
435,KH0133
436,KH0022
436,KH0043
436,KH0063
436,KH0072
436,KH0090
436,KH0098
436,KH0108
436,KH0125
436,KH0133
437,KH0022
437,KH0043
437,KH0063
437,KH0072
437,KH0090
437,KH0098
437,KH0108
437,KH0125
437,KH0133
438,KH0004
438,KH0023
438,KH0044
438,KH0064
438,KH0072
438,KH0091
438,KH0108
438,KH0126
438,KH0136
439,KH0004
439,KH0023
439,KH0027
439,KH0044
439,KH0064
439,KH0072
439,KH0091
439,KH0108
439,KH0126
440,KH0022
440,KH0043
440,KH0063
440,KH0072
440,KH0090
440,KH0098
440,KH0107
440,KH0125
440,KH0133
441,KH0004
441,KH0022
441,KH0043
441,KH0063
441,KH0072
441,KH0090
441,KH0101
441,KH0107
441,KH0125
442,KH0023
442,KH0027
442,KH0044
442,KH0064
442,KH0072
442,KH0091
442,KH0101
442,KH0107
442,KH0126
443,KH0022
443,KH0043
443,KH0063
443,KH0072
443,KH0090
443,KH0098
443,KH0108
443,KH0125
443,KH0136
444,KH0004
444,KH0023
444,KH0044
444,KH0064
444,KH0072
444,KH0091
444,KH0098
444,KH0108
444,KH0126
445,KH0023
445,KH0044
445,KH0064
445,KH0072
445,KH0091
445,KH0098
445,KH0108
445,KH0126
445,KH0139
446,KH0022
446,KH0043
446,KH0063
446,KH0072
446,KH0090
446,KH0098
446,KH0108
446,KH0125
446,KH0139
447,KH0004
447,KH0022
447,KH0027
447,KH0043
447,KH0063
447,KH0072
447,KH0090
447,KH0107
447,KH0125
448,KH0023
448,KH0027
448,KH0044
448,KH0064
448,KH0072
448,KH0091
448,KH0098
448,KH0108
448,KH0126
449,KH0006
449,KH0049
449,KH0069
449,KH0074
449,KH0100
449,KH0104
449,KH0110
449,KH0134
450,KH0006
450,KH0029
450,KH0069
450,KH0074
450,KH0096
450,KH0104
450,KH0110
450,KH0134
451,KH0006
451,KH0029
451,KH0068
451,KH0074
451,KH0096
451,KH0103
451,KH0110
451,KH0134
452,KH0006
452,KH0049
452,KH0070
452,KH0074
452,KH0096
452,KH0103
452,KH0110
452,KH0132
453,KH0008
453,KH0029
453,KH0076
453,KH0104
453,KH0109
453,KH0132
453,KH0134
453,KH0137
454,KH0006
454,KH0049
454,KH0069
454,KH0074
454,KH0104
454,KH0110
454,KH0132
454,KH0134
455,KH0006
455,KH0049
455,KH0069
455,KH0074
455,KH0100
455,KH0104
455,KH0110
455,KH0134
456,KH0007
456,KH0049
456,KH0069
456,KH0074
456,KH0100
456,KH0104
456,KH0110
456,KH0134
457,KH0006
457,KH0049
457,KH0070
457,KH0074
457,KH0100
457,KH0103
457,KH0110
457,KH0137
458,KH0006
458,KH0029
458,KH0069
458,KH0074
458,KH0104
458,KH0110
458,KH0130
458,KH0134
459,KH0006
459,KH0029
459,KH0069
459,KH0074
459,KH0095
459,KH0103
459,KH0110
459,KH0134
460,KH0006
460,KH0049
460,KH0069
460,KH0074
460,KH0103
460,KH0109
460,KH0134
460,KH0137
461,KH0006
461,KH0029
461,KH0069
461,KH0074
461,KH0095
461,KH0104
461,KH0110
461,KH0130
462,KH0006
462,KH0029
462,KH0068
462,KH0074
462,KH0103
462,KH0110
462,KH0132
462,KH0137
463,KH0006
463,KH0049
463,KH0069
463,KH0074
463,KH0104
463,KH0110
463,KH0130
463,KH0134
464,KH0019
464,KH0040
464,KH0060
464,KH0072
464,KH0087
464,KH0107
464,KH0122
464,KH0133
464,KH0139
465,KH0004
465,KH0019
465,KH0040
465,KH0060
465,KH0072
465,KH0087
465,KH0101
465,KH0107
465,KH0122
466,KH0006
466,KH0049
466,KH0069
466,KH0074
466,KH0095
466,KH0104
466,KH0110
466,KH0134
467,KH0006
467,KH0029
467,KH0069
467,KH0074
467,KH0096
467,KH0104
467,KH0110
467,KH0132
468,KH0006
468,KH0049
468,KH0069
468,KH0074
468,KH0104
468,KH0110
468,KH0134
468,KH0137
469,KH0006
469,KH0029
469,KH0069
469,KH0074
469,KH0104
469,KH0110
469,KH0130
469,KH0134
470,KH0006
470,KH0049
470,KH0069
470,KH0074
470,KH0096
470,KH0104
470,KH0110
470,KH0134
471,KH0006
471,KH0049
471,KH0069
471,KH0074
471,KH0104
471,KH0110
471,KH0130
471,KH0134
472,KH0006
472,KH0029
472,KH0069
472,KH0074
472,KH0103
472,KH0110
472,KH0132
472,KH0134
473,KH0002
473,KH0006
473,KH0049
473,KH0069
473,KH0074
473,KH0100
473,KH0103
473,KH0110
474,KH0006
474,KH0049
474,KH0069
474,KH0074
474,KH0100
474,KH0103
474,KH0110
474,KH0130
475,KH0002
475,KH0006
475,KH0049
475,KH0069
475,KH0074
475,KH0103
475,KH0110
475,KH0132
476,KH0006
476,KH0049
476,KH0069
476,KH0074
476,KH0100
476,KH0103
476,KH0110
476,KH0132
477,KH0006
477,KH0049
477,KH0069
477,KH0074
477,KH0096
477,KH0103
477,KH0110
477,KH0134
478,KH0006
478,KH0049
478,KH0069
478,KH0074
478,KH0104
478,KH0110
478,KH0134
478,KH0137
479,KH0006
479,KH0029
479,KH0069
479,KH0074
479,KH0103
479,KH0110
479,KH0130
479,KH0137
480,KH0002
480,KH0006
480,KH0029
480,KH0069
480,KH0074
480,KH0103
480,KH0110
480,KH0132
481,KH0006
481,KH0029
481,KH0069
481,KH0074
481,KH0104
481,KH0110
481,KH0132
481,KH0134
482,KH0018
482,KH0039
482,KH0059
482,KH0072
482,KH0086
482,KH0102
482,KH0107
482,KH0121
482,KH0133
483,KH0008
483,KH0049
483,KH0069
483,KH0074
483,KH0104
483,KH0110
483,KH0130
483,KH0132
484,KH0006
484,KH0049
484,KH0069
484,KH0074
484,KH0104
484,KH0110
484,KH0132
484,KH0134
485,KH0006
485,KH0029
485,KH0069
485,KH0074
485,KH0100
485,KH0104
485,KH0110
485,KH0130
486,KH0006
486,KH0029
486,KH0069
486,KH0074
486,KH0104
486,KH0110
486,KH0130
486,KH0132
487,KH0006
487,KH0029
487,KH0069
487,KH0074
487,KH0100
487,KH0104
487,KH0110
487,KH0130
488,KH0006
488,KH0049
488,KH0069
488,KH0074
488,KH0103
488,KH0110
488,KH0130
488,KH0132
489,KH0008
489,KH0029
489,KH0069
489,KH0076
489,KH0100
489,KH0103
489,KH0110
489,KH0132
490,KH0005
490,KH0028
490,KH0073
490,KH0104
490,KH0109
490,KH0132
490,KH0134
490,KH0137
491,KH0002
491,KH0006
491,KH0029
491,KH0069
491,KH0074
491,KH0103
491,KH0110
491,KH0132
492,KH0006
492,KH0029
492,KH0069
492,KH0074
492,KH0096
492,KH0104
492,KH0110
492,KH0137
493,KH0006
493,KH0049
493,KH0069
493,KH0074
493,KH0095
493,KH0104
493,KH0110
493,KH0134
494,KH0006
494,KH0049
494,KH0069
494,KH0074
494,KH0103
494,KH0110
494,KH0132
494,KH0137
495,KH0006
495,KH0029
495,KH0069
495,KH0073
495,KH0103
495,KH0109
495,KH0130
495,KH0132
496,KH0001
496,KH0008
496,KH0029
496,KH0068
496,KH0076
496,KH0095
496,KH0103
496,KH0109
497,KH0006
497,KH0049
497,KH0068
497,KH0074
497,KH0096
497,KH0104
497,KH0110
497,KH0134
498,KH0006
498,KH0029
498,KH0069
498,KH0074
498,KH0104
498,KH0110
498,KH0132
498,KH0134
499,KH0002
499,KH0006
499,KH0049
499,KH0069
499,KH0075
499,KH0095
499,KH0103
499,KH0110
500,KH0007
500,KH0049
500,KH0070
500,KH0074
500,KH0100
500,KH0103
500,KH0111
500,KH0132
501,KH0006
501,KH0029
501,KH0068
501,KH0074
501,KH0104
501,KH0110
501,KH0134
501,KH0137
502,KH0001
502,KH0006
502,KH0029
502,KH0070
502,KH0074
502,KH0103
502,KH0110
502,KH0132
503,KH0006
503,KH0049
503,KH0070
503,KH0074
503,KH0095
503,KH0103
503,KH0110
503,KH0130
504,KH0006
504,KH0029
504,KH0069
504,KH0074
504,KH0104
504,KH0110
504,KH0132
504,KH0134
505,KH0006
505,KH0049
505,KH0069
505,KH0074
505,KH0104
505,KH0110
505,KH0132
505,KH0134
506,KH0005
506,KH0048
506,KH0073
506,KH0095
506,KH0103
506,KH0109
506,KH0131
506,KH0134
507,KH0002
507,KH0006
507,KH0029
507,KH0069
507,KH0074
507,KH0104
507,KH0109
507,KH0134
508,KH0006
508,KH0029
508,KH0069
508,KH0074
508,KH0104
508,KH0110
508,KH0134
508,KH0137
509,KH0006
509,KH0029
509,KH0069
509,KH0074
509,KH0100
509,KH0104
509,KH0110
509,KH0130
510,KH0008
510,KH0049
510,KH0069
510,KH0076
510,KH0095
510,KH0103
510,KH0110
510,KH0134
511,KH0006
511,KH0029
511,KH0069
511,KH0074
511,KH0095
511,KH0104
511,KH0110
511,KH0132
512,KH0001
512,KH0005
512,KH0048
512,KH0073
512,KH0104
512,KH0109
512,KH0134
512,KH0137
513,KH0008
513,KH0029
513,KH0076
513,KH0096
513,KH0104
513,KH0109
513,KH0132
513,KH0134
514,KH0002
514,KH0006
514,KH0049
514,KH0069
514,KH0074
514,KH0104
514,KH0110
514,KH0134
515,KH0006
515,KH0029
515,KH0068
515,KH0074
515,KH0096
515,KH0104
515,KH0110
515,KH0132
516,KH0001
516,KH0006
516,KH0029
516,KH0074
516,KH0104
516,KH0110
516,KH0132
516,KH0134
517,KH0007
517,KH0029
517,KH0069
517,KH0074
517,KH0095
517,KH0104
517,KH0111
517,KH0130
518,KH0008
518,KH0029
518,KH0068
518,KH0076
518,KH0104
518,KH0110
518,KH0134
518,KH0137
519,KH0006
519,KH0029
519,KH0069
519,KH0074
519,KH0104
519,KH0110
519,KH0130
519,KH0134
520,KH0006
520,KH0049
520,KH0069
520,KH0074
520,KH0100
520,KH0103
520,KH0110
520,KH0137
521,KH0002
521,KH0006
521,KH0049
521,KH0069
521,KH0074
521,KH0103
521,KH0109
521,KH0134
522,KH0008
522,KH0029
522,KH0076
522,KH0096
522,KH0103
522,KH0109
522,KH0132
522,KH0137
523,KH0001
523,KH0006
523,KH0029
523,KH0068
523,KH0073
523,KH0103
523,KH0110
523,KH0132
524,KH0001
524,KH0006
524,KH0049
524,KH0069
524,KH0074
524,KH0104
524,KH0109
524,KH0132
525,KH0006
525,KH0049
525,KH0070
525,KH0074
525,KH0100
525,KH0103
525,KH0110
525,KH0137
526,KH0006
526,KH0029
526,KH0069
526,KH0074
526,KH0104
526,KH0110
526,KH0130
526,KH0134
527,KH0006
527,KH0049
527,KH0070
527,KH0074
527,KH0095
527,KH0103
527,KH0110
527,KH0132
528,KH0006
528,KH0029
528,KH0074
528,KH0095
528,KH0104
528,KH0110
528,KH0132
528,KH0134
529,KH0006
529,KH0049
529,KH0070
529,KH0074
529,KH0104
529,KH0110
529,KH0130
529,KH0132
530,KH0007
530,KH0029
530,KH0070
530,KH0075
530,KH0095
530,KH0104
530,KH0111
530,KH0134
531,KH0001
531,KH0008
531,KH0029
531,KH0076
531,KH0096
531,KH0104
531,KH0109
531,KH0134
532,KH0006
532,KH0049
532,KH0070
532,KH0074
532,KH0100
532,KH0103
532,KH0111
532,KH0137
533,KH0002
533,KH0006
533,KH0029
533,KH0069
533,KH0074
533,KH0103
533,KH0110
533,KH0132
534,KH0006
534,KH0029
534,KH0069
534,KH0074
534,KH0104
534,KH0110
534,KH0130
534,KH0134
535,KH0006
535,KH0029
535,KH0070
535,KH0075
535,KH0100
535,KH0103
535,KH0110
535,KH0132
536,KH0006
536,KH0029
536,KH0069
536,KH0074
536,KH0100
536,KH0103
536,KH0110
536,KH0130
537,KH0006
537,KH0049
537,KH0070
537,KH0074
537,KH0095
537,KH0103
537,KH0110
537,KH0132
538,KH0006
538,KH0029
538,KH0069
538,KH0074
538,KH0096
538,KH0103
538,KH0110
538,KH0132
539,KH0006
539,KH0029
539,KH0069
539,KH0073
539,KH0095
539,KH0104
539,KH0109
539,KH0134
540,KH0002
540,KH0007
540,KH0049
540,KH0069
540,KH0075
540,KH0100
540,KH0103
540,KH0111
541,KH0006
541,KH0049
541,KH0069
541,KH0074
541,KH0096
541,KH0104
541,KH0110
541,KH0134
542,KH0001
542,KH0006
542,KH0049
542,KH0069
542,KH0074
542,KH0103
542,KH0111
542,KH0137
543,KH0007
543,KH0029
543,KH0070
543,KH0075
543,KH0100
543,KH0103
543,KH0111
543,KH0137
544,KH0006
544,KH0029
544,KH0070
544,KH0075
544,KH0100
544,KH0104
544,KH0110
544,KH0132
545,KH0007
545,KH0029
545,KH0069
545,KH0075
545,KH0100
545,KH0104
545,KH0111
545,KH0130
546,KH0001
546,KH0006
546,KH0029
546,KH0074
546,KH0104
546,KH0110
546,KH0130
546,KH0134
547,KH0002
547,KH0006
547,KH0049
547,KH0069
547,KH0074
547,KH0104
547,KH0110
547,KH0134
548,KH0007
548,KH0029
548,KH0070
548,KH0075
548,KH0096
548,KH0103
548,KH0111
548,KH0130
549,KH0006
549,KH0029
549,KH0068
549,KH0073
549,KH0103
549,KH0110
549,KH0132
549,KH0137
550,KH0006
550,KH0049
550,KH0068
550,KH0073
550,KH0104
550,KH0110
550,KH0132
550,KH0134
551,KH0001
551,KH0007
551,KH0049
551,KH0070
551,KH0075
551,KH0095
551,KH0103
551,KH0111
552,KH0002
552,KH0006
552,KH0049
552,KH0069
552,KH0074
552,KH0104
552,KH0110
552,KH0134
553,KH0007
553,KH0029
553,KH0070
553,KH0075
553,KH0095
553,KH0103
553,KH0111
553,KH0132
554,KH0007
554,KH0029
554,KH0070
554,KH0075
554,KH0095
554,KH0103
554,KH0111
554,KH0137
555,KH0007
555,KH0049
555,KH0070
555,KH0075
555,KH0095
555,KH0103
555,KH0111
555,KH0132
556,KH0006
556,KH0029
556,KH0069
556,KH0074
556,KH0096
556,KH0104
556,KH0110
556,KH0132
557,KH0006
557,KH0029
557,KH0074
557,KH0104
557,KH0110
557,KH0130
557,KH0132
557,KH0134
558,KH0007
558,KH0049
558,KH0070
558,KH0075
558,KH0103
558,KH0111
558,KH0132
558,KH0137
559,KH0007
559,KH0029
559,KH0069
559,KH0075
559,KH0100
559,KH0103
559,KH0111
559,KH0134
560,KH0002
560,KH0007
560,KH0049
560,KH0069
560,KH0075
560,KH0100
560,KH0103
560,KH0111
561,KH0007
561,KH0029
561,KH0069
561,KH0075
561,KH0095
561,KH0104
561,KH0111
561,KH0134
562,KH0001
562,KH0006
562,KH0049
562,KH0069
562,KH0074
562,KH0103
562,KH0110
562,KH0134
563,KH0006
563,KH0029
563,KH0068
563,KH0074
563,KH0104
563,KH0110
563,KH0130
563,KH0134
564,KH0006
564,KH0049
564,KH0070
564,KH0074
564,KH0100
564,KH0103
564,KH0110
564,KH0134
565,KH0007
565,KH0049
565,KH0070
565,KH0075
565,KH0100
565,KH0103
565,KH0111
565,KH0130
566,KH0006
566,KH0049
566,KH0069
566,KH0074
566,KH0095
566,KH0103
566,KH0110
566,KH0130
567,KH0006
567,KH0049
567,KH0069
567,KH0074
567,KH0104
567,KH0110
567,KH0132
567,KH0134
568,KH0006
568,KH0049
568,KH0069
568,KH0074
568,KH0096
568,KH0104
568,KH0110
568,KH0134
569,KH0006
569,KH0029
569,KH0070
569,KH0074
569,KH0095
569,KH0104
569,KH0110
569,KH0132
570,KH0006
570,KH0029
570,KH0069
570,KH0074
570,KH0096
570,KH0104
570,KH0110
570,KH0134
571,KH0006
571,KH0049
571,KH0070
571,KH0074
571,KH0100
571,KH0103
571,KH0110
571,KH0132
572,KH0006
572,KH0029
572,KH0069
572,KH0074
572,KH0104
572,KH0110
572,KH0132
572,KH0134
573,KH0006
573,KH0049
573,KH0069
573,KH0074
573,KH0100
573,KH0103
573,KH0110
573,KH0132
574,KH0002
574,KH0006
574,KH0049
574,KH0069
574,KH0074
574,KH0100
574,KH0103
574,KH0110
575,KH0007
575,KH0049
575,KH0069
575,KH0074
575,KH0096
575,KH0104
575,KH0110
575,KH0132
576,KH0007
576,KH0029
576,KH0069
576,KH0075
576,KH0095
576,KH0104
576,KH0111
576,KH0134
577,KH0006
577,KH0029
577,KH0070
577,KH0074
577,KH0096
577,KH0103
577,KH0110
577,KH0132
578,KH0007
578,KH0029
578,KH0069
578,KH0075
578,KH0096
578,KH0104
578,KH0111
578,KH0132
579,KH0007
579,KH0029
579,KH0070
579,KH0075
579,KH0095
579,KH0103
579,KH0111
579,KH0132
580,KH0006
580,KH0029
580,KH0069
580,KH0074
580,KH0104
580,KH0110
580,KH0132
580,KH0134
581,KH0006
581,KH0029
581,KH0070
581,KH0074
581,KH0095
581,KH0103
581,KH0110
581,KH0132
582,KH0007
582,KH0029
582,KH0070
582,KH0075
582,KH0104
582,KH0111
582,KH0132
582,KH0134
583,KH0006
583,KH0029
583,KH0069
583,KH0074
583,KH0100
583,KH0104
583,KH0110
583,KH0137
584,KH0007
584,KH0049
584,KH0069
584,KH0075
584,KH0095
584,KH0104
584,KH0111
584,KH0132
585,KH0006
585,KH0029
585,KH0069
585,KH0074
585,KH0095
585,KH0104
585,KH0110
585,KH0134
586,KH0006
586,KH0029
586,KH0069
586,KH0074
586,KH0104
586,KH0110
586,KH0132
586,KH0134
587,KH0006
587,KH0029
587,KH0069
587,KH0074
587,KH0104
587,KH0110
587,KH0130
587,KH0132
588,KH0002
588,KH0006
588,KH0029
588,KH0069
588,KH0074
588,KH0103
588,KH0110
588,KH0130
589,KH0006
589,KH0029
589,KH0069
589,KH0074
589,KH0095
589,KH0104
589,KH0110
589,KH0132
590,KH0007
590,KH0049
590,KH0070
590,KH0075
590,KH0095
590,KH0103
590,KH0111
590,KH0137
591,KH0007
591,KH0029
591,KH0069
591,KH0075
591,KH0104
591,KH0111
591,KH0134
591,KH0137
592,KH0002
592,KH0006
592,KH0029
592,KH0069
592,KH0074
592,KH0103
592,KH0110
592,KH0132
593,KH0006
593,KH0029
593,KH0069
593,KH0074
593,KH0103
593,KH0110
593,KH0130
593,KH0134
594,KH0002
594,KH0006
594,KH0029
594,KH0069
594,KH0074
594,KH0103
594,KH0110
594,KH0132
595,KH0002
595,KH0006
595,KH0029
595,KH0070
595,KH0074
595,KH0103
595,KH0110
595,KH0132
596,KH0002
596,KH0007
596,KH0029
596,KH0069
596,KH0075
596,KH0104
596,KH0111
596,KH0134
597,KH0002
597,KH0006
597,KH0049
597,KH0069
597,KH0074
597,KH0103
597,KH0110
597,KH0137
598,KH0006
598,KH0029
598,KH0069
598,KH0074
598,KH0104
598,KH0110
598,KH0132
598,KH0134
599,KH0006
599,KH0049
599,KH0070
599,KH0074
599,KH0100
599,KH0103
599,KH0110
599,KH0132
600,KH0006
600,KH0049
600,KH0074
600,KH0104
600,KH0110
600,KH0130
600,KH0134
600,KH0137
601,KH0007
601,KH0029
601,KH0068
601,KH0075
601,KH0104
601,KH0111
601,KH0130
601,KH0134
602,KH0006
602,KH0049
602,KH0069
602,KH0074
602,KH0104
602,KH0110
602,KH0130
602,KH0134
603,KH0001
603,KH0006
603,KH0029
603,KH0068
603,KH0074
603,KH0104
603,KH0110
603,KH0134
604,KH0006
604,KH0049
604,KH0069
604,KH0074
604,KH0104
604,KH0110
604,KH0132
604,KH0134
605,KH0002
605,KH0006
605,KH0029
605,KH0074
605,KH0103
605,KH0110
605,KH0130
605,KH0132
606,KH0002
606,KH0006
606,KH0029
606,KH0069
606,KH0074
606,KH0096
606,KH0103
606,KH0110
607,KH0002
607,KH0006
607,KH0029
607,KH0070
607,KH0075
607,KH0095
607,KH0103
607,KH0110
608,KH0006
608,KH0049
608,KH0069
608,KH0074
608,KH0095
608,KH0103
608,KH0110
608,KH0132
609,KH0006
609,KH0049
609,KH0070
609,KH0074
609,KH0100
609,KH0103
609,KH0110
609,KH0132
610,KH0006
610,KH0029
610,KH0069
610,KH0074
610,KH0095
610,KH0103
610,KH0110
610,KH0132
611,KH0002
611,KH0007
611,KH0029
611,KH0070
611,KH0075
611,KH0100
611,KH0104
611,KH0111
