Mã SV,Mã HP,Time slot
8,KH40,0
10,KH137,0
11,KH137,0
12,KH137,0
17,KH137,0
19,KH137,0
20,KH137,0
21,KH40,0
23,KH137,0
26,KH137,0
27,KH137,0
28,KH137,0
29,KH137,0
32,KH137,0
33,KH40,0
34,KH137,0
35,KH40,0
36,KH40,0
38,KH137,0
39,KH137,0
40,KH40,0
41,KH40,0
42,KH137,0
44,KH40,0
45,KH137,0
48,KH40,0
49,KH137,0
50,KH40,0
53,KH137,0
54,KH40,0
55,KH40,0
58,KH40,0
59,KH40,0
60,KH40,0
61,KH137,0
62,KH137,0
63,KH137,0
64,KH137,0
67,KH137,0
68,KH137,0
69,KH137,0
70,KH137,0
71,KH137,0
72,KH137,0
76,KH137,0
78,KH137,0
79,KH137,0
80,KH137,0
81,KH137,0
83,KH40,0
84,KH137,0
85,KH40,0
86,KH137,0
87,KH137,0
88,KH40,0
90,KH137,0
91,KH137,0
92,KH137,0
94,KH40,0
96,KH137,0
98,KH137,0
99,KH137,0
100,KH137,0
101,KH137,0
102,KH137,0
103,KH137,0
104,KH137,0
105,KH137,0
106,KH137,0
107,KH137,0
109,KH40,0
110,KH137,0
111,KH137,0
112,KH137,0
113,KH137,0
114,KH137,0
115,KH137,0
116,KH137,0
117,KH137,0
118,KH137,0
119,KH137,0
120,KH137,0
121,KH137,0
123,KH137,0
128,KH137,0
129,KH40,0
130,KH137,0
131,KH23,0
134,KH137,0
136,KH27,0
138,KH137,0
140,KH23,0
142,KH23,0
144,KH137,0
151,KH137,0
152,KH137,0
153,KH137,0
155,KH23,0
156,KH137,0
157,KH27,0
161,KH137,0
162,KH40,0
165,KH137,0
167,KH27,0
170,KH137,0
172,KH25,0
174,KH137,0
176,KH137,0
180,KH137,0
182,KH25,0
184,KH27,0
186,KH137,0
188,KH137,0
192,KH27,0
193,KH137,0
195,KH40,0
196,KH137,0
208,KH23,0
209,KH23,0
211,KH27,0
212,KH27,0
213,KH23,0
214,KH27,0
215,KH27,0
216,KH23,0
221,KH23,0
223,KH25,0
229,KH137,0
230,KH137,0
231,KH137,0
232,KH137,0
233,KH137,0
234,KH137,0
235,KH137,0
236,KH137,0
237,KH137,0
238,KH137,0
240,KH137,0
241,KH137,0
242,KH23,0
252,KH23,0
263,KH25,0
264,KH25,0
265,KH25,0
266,KH25,0
267,KH25,0
268,KH25,0
269,KH25,0
270,KH25,0
271,KH25,0
272,KH25,0
273,KH25,0
274,KH25,0
275,KH25,0
276,KH25,0
277,KH25,0
278,KH25,0
279,KH25,0
280,KH25,0
281,KH25,0
282,KH25,0
283,KH25,0
284,KH25,0
285,KH25,0
286,KH25,0
287,KH25,0
288,KH25,0
289,KH25,0
290,KH25,0
291,KH25,0
292,KH25,0
293,KH25,0
294,KH25,0
295,KH25,0
296,KH25,0
297,KH25,0
298,KH25,0
299,KH25,0
303,KH23,0
304,KH27,0
319,KH23,0
322,KH23,0
350,KH23,0
352,KH27,0
353,KH27,0
355,KH23,0
358,KH23,0
361,KH23,0
368,KH23,0
371,KH137,0
374,KH137,0
375,KH25,0
380,KH137,0
385,KH23,0
388,KH23,0
389,KH23,0
390,KH23,0
392,KH23,0
393,KH27,0
395,KH23,0
396,KH27,0
397,KH27,0
398,KH27,0
399,KH27,0
401,KH27,0
402,KH27,0
403,KH27,0
404,KH23,0
405,KH27,0
407,KH27,0
409,KH27,0
410,KH27,0
411,KH27,0
413,KH23,0
414,KH23,0
416,KH27,0
419,KH27,0
420,KH27,0
421,KH27,0
423,KH27,0
424,KH23,0
427,KH23,0
430,KH25,0
431,KH137,0
432,KH23,0
438,KH27,0
441,KH137,0
444,KH27,0
452,KH25,0
453,KH23,0
454,KH23,0
456,KH27,0
457,KH23,0
460,KH27,0
461,KH27,0
463,KH27,0
464,KH27,0
465,KH27,0
466,KH27,0
467,KH27,0
468,KH23,0
469,KH23,0
471,KH27,0
472,KH27,0
473,KH27,0
474,KH23,0
476,KH23,0
479,KH23,0
481,KH23,0
486,KH23,0
488,KH27,0
489,KH23,0
492,KH27,0
494,KH23,0
504,KH23,0
506,KH23,0
507,KH23,0
508,KH23,0
509,KH137,0
511,KH23,0
512,KH27,0
513,KH23,0
514,KH23,0
518,KH25,0
521,KH25,0
522,KH137,0
523,KH27,0
525,KH27,0
526,KH27,0
527,KH27,0
528,KH27,0
529,KH27,0
530,KH27,0
531,KH27,0
532,KH27,0
533,KH27,0
534,KH27,0
535,KH27,0
536,KH27,0
537,KH27,0
538,KH27,0
539,KH137,0
541,KH137,0
543,KH27,0
554,KH27,0
557,KH27,0
558,KH27,0
559,KH27,0
560,KH27,0
561,KH27,0
562,KH27,0
563,KH27,0
564,KH27,0
565,KH27,0
566,KH27,0
567,KH27,0
568,KH27,0
569,KH27,0
570,KH27,0
571,KH27,0
572,KH27,0
573,KH27,0
574,KH27,0
575,KH27,0
578,KH27,0
580,KH27,0
581,KH27,0
582,KH27,0
583,KH27,0
584,KH27,0
586,KH27,0
587,KH27,0
588,KH27,0
589,KH27,0
590,KH27,0
591,KH27,0
592,KH27,0
594,KH27,0
595,KH27,0
596,KH27,0
597,KH27,0
598,KH27,0
599,KH27,0
602,KH27,0
603,KH27,0
604,KH27,0
605,KH27,0
607,KH27,0
611,KH27,0
612,KH27,0
614,KH27,0
615,KH27,0
616,KH27,0
617,KH27,0
621,KH27,0
622,KH27,0
623,KH27,0
624,KH27,0
625,KH27,0
626,KH27,0
628,KH27,0
629,KH27,0
631,KH27,0
632,KH27,0
634,KH27,0
635,KH27,0
636,KH27,0
639,KH27,0
640,KH27,0
642,KH27,0
644,KH27,0
645,KH27,0
654,KH27,0
687,KH27,0
689,KH27,0
710,KH27,0
743,KH27,0
752,KH137,0
753,KH137,0
754,KH137,0
756,KH137,0
757,KH137,0
758,KH137,0
763,KH137,0
766,KH137,0
767,KH23,0
775,KH27,0
776,KH137,0
777,KH137,0
778,KH137,0
779,KH137,0
780,KH137,0
781,KH137,0
782,KH137,0
784,KH23,0
786,KH137,0
787,KH137,0
788,KH137,0
789,KH137,0
790,KH137,0
793,KH137,0
794,KH137,0
795,KH137,0
796,KH137,0
798,KH137,0
799,KH137,0
800,KH137,0
801,KH137,0
802,KH137,0
803,KH137,0
806,KH137,0
807,KH137,0
808,KH137,0
809,KH137,0
810,KH137,0
812,KH137,0
813,KH137,0
814,KH137,0
815,KH137,0
816,KH137,0
817,KH137,0
819,KH137,0
820,KH137,0
822,KH137,0
823,KH137,0
825,KH137,0
827,KH137,0
828,KH137,0
829,KH137,0
830,KH137,0
832,KH137,0
833,KH137,0
834,KH137,0
835,KH137,0
836,KH137,0
837,KH137,0
838,KH137,0
839,KH137,0
840,KH137,0
841,KH137,0
842,KH137,0
843,KH137,0
844,KH137,0
845,KH137,0
846,KH137,0
849,KH137,0
858,KH137,0
859,KH137,0
860,KH137,0
862,KH137,0
863,KH137,0
864,KH137,0
865,KH137,0
866,KH137,0
867,KH137,0
868,KH137,0
869,KH137,0
870,KH137,0
871,KH137,0
872,KH137,0
873,KH137,0
874,KH137,0
875,KH137,0
876,KH137,0
877,KH137,0
878,KH137,0
879,KH137,0
880,KH137,0
881,KH137,0
883,KH137,0
884,KH137,0
914,KH137,0
921,KH23,0
925,KH23,0
927,KH23,0
928,KH23,0
929,KH23,0
934,KH23,0
935,KH27,0
936,KH27,0
937,KH27,0
941,KH23,0
942,KH23,0
943,KH23,0
944,KH23,0
946,KH23,0
947,KH23,0
949,KH27,0
952,KH27,0
957,KH23,0
958,KH27,0
962,KH27,0
969,KH23,0
977,KH23,0
978,KH23,0
980,KH137,0
981,KH23,0
982,KH23,0
983,KH23,0
984,KH23,0
985,KH23,0
986,KH23,0
987,KH23,0
988,KH27,0
989,KH27,0
992,KH27,0
993,KH27,0
994,KH23,0
999,KH23,0
1006,KH27,0
1009,KH23,0
1028,KH137,0
1034,KH137,0
1042,KH27,0
1043,KH23,0
1049,KH23,0
1052,KH137,0
1057,KH27,0
1058,KH27,0
1060,KH27,0
1062,KH27,0
1063,KH27,0
1064,KH27,0
1070,KH27,0
1071,KH27,0
1075,KH137,0
1078,KH27,0
1082,KH23,0
1083,KH27,0
1090,KH137,0
1091,KH137,0
1092,KH137,0
1093,KH137,0
1094,KH137,0
1095,KH137,0
1097,KH137,0
1098,KH137,0
1099,KH137,0
1100,KH137,0
1104,KH137,0
1106,KH137,0
1107,KH137,0
1108,KH137,0
1109,KH137,0
1115,KH137,0
1116,KH137,0
1124,KH137,0
1125,KH137,0
7,KH159,1
9,KH159,1
12,KH159,1
19,KH159,1
20,KH182,1
24,KH159,1
25,KH159,1
26,KH159,1
27,KH159,1
28,KH159,1
29,KH159,1
30,KH159,1
31,KH159,1
33,KH180,1
41,KH180,1
43,KH159,1
46,KH159,1
47,KH161,1
48,KH182,1
52,KH159,1
57,KH180,1
62,KH159,1
64,KH159,1
66,KH159,1
69,KH159,1
70,KH173,1
74,KH173,1
81,KH159,1
83,KH159,1
84,KH159,1
85,KH180,1
89,KH159,1
90,KH159,1
95,KH159,1
96,KH159,1
97,KH159,1
98,KH159,1
99,KH159,1
100,KH159,1
101,KH159,1
102,KH159,1
103,KH159,1
104,KH159,1
105,KH159,1
107,KH159,1
108,KH159,1
110,KH159,1
111,KH159,1
114,KH159,1
115,KH159,1
116,KH159,1
117,KH159,1
118,KH159,1
119,KH159,1
120,KH159,1
122,KH159,1
123,KH159,1
124,KH159,1
125,KH159,1
126,KH159,1
127,KH159,1
128,KH159,1
130,KH159,1
134,KH159,1
135,KH159,1
142,KH161,1
146,KH159,1
148,KH159,1
149,KH159,1
152,KH159,1
153,KH159,1
158,KH159,1
161,KH159,1
162,KH161,1
163,KH159,1
164,KH159,1
165,KH159,1
168,KH159,1
170,KH159,1
171,KH180,1
174,KH182,1
180,KH159,1
181,KH159,1
184,KH60,1
185,KH159,1
189,KH159,1
190,KH60,1
191,KH159,1
196,KH180,1
209,KH173,1
213,KH180,1
226,KH161,1
261,KH180,1
268,KH180,1
271,KH180,1
276,KH63,1
279,KH63,1
289,KH180,1
295,KH159,1
325,KH60,1
326,KH180,1
329,KH60,1
331,KH60,1
334,KH60,1
348,KH180,1
350,KH173,1
353,KH60,1
357,KH173,1
390,KH180,1
393,KH60,1
395,KH173,1
396,KH41,1
397,KH60,1
402,KH41,1
410,KH60,1
415,KH180,1
423,KH60,1
430,KH180,1
431,KH180,1
444,KH60,1
446,KH180,1
453,KH180,1
463,KH60,1
466,KH41,1
479,KH180,1
482,KH161,1
499,KH41,1
507,KH173,1
527,KH60,1
542,KH180,1
545,KH41,1
546,KH41,1
547,KH41,1
550,KH60,1
558,KH60,1
559,KH60,1
566,KH41,1
567,KH161,1
569,KH60,1
575,KH41,1
578,KH180,1
580,KH60,1
581,KH41,1
583,KH41,1
584,KH41,1
585,KH41,1
588,KH41,1
589,KH41,1
592,KH60,1
593,KH161,1
595,KH180,1
597,KH60,1
599,KH41,1
600,KH41,1
601,KH60,1
605,KH60,1
607,KH60,1
615,KH60,1
617,KH60,1
620,KH41,1
624,KH60,1
626,KH180,1
628,KH41,1
631,KH41,1
634,KH41,1
635,KH41,1
636,KH41,1
637,KH180,1
640,KH60,1
643,KH180,1
647,KH60,1
648,KH60,1
651,KH41,1
657,KH41,1
666,KH41,1
672,KH41,1
678,KH41,1
682,KH41,1
689,KH41,1
699,KH41,1
700,KH41,1
704,KH41,1
714,KH41,1
737,KH41,1
738,KH41,1
746,KH41,1
759,KH161,1
767,KH161,1
769,KH42,1
775,KH41,1
779,KH182,1
780,KH182,1
782,KH182,1
787,KH182,1
798,KH182,1
800,KH182,1
804,KH182,1
808,KH182,1
809,KH182,1
814,KH182,1
817,KH182,1
823,KH182,1
830,KH180,1
834,KH180,1
837,KH182,1
841,KH182,1
848,KH182,1
851,KH182,1
856,KH182,1
857,KH173,1
859,KH182,1
870,KH182,1
874,KH182,1
877,KH182,1
883,KH161,1
889,KH180,1
896,KH161,1
909,KH180,1
911,KH60,1
914,KH161,1
918,KH161,1
922,KH161,1
923,KH161,1
927,KH161,1
933,KH161,1
939,KH180,1
941,KH161,1
945,KH161,1
947,KH161,1
952,KH161,1
953,KH173,1
957,KH161,1
961,KH161,1
962,KH60,1
965,KH161,1
976,KH161,1
985,KH161,1
988,KH180,1
989,KH161,1
996,KH161,1
999,KH180,1
1000,KH161,1
1003,KH180,1
1004,KH180,1
1014,KH161,1
1026,KH180,1
1041,KH161,1
1049,KH161,1
1057,KH60,1
1069,KH60,1
1079,KH159,1
1091,KH182,1
1096,KH182,1
1102,KH159,1
1103,KH182,1
1104,KH182,1
1107,KH182,1
1111,KH173,1
1112,KH182,1
1114,KH182,1
1115,KH182,1
1117,KH173,1
1118,KH173,1
1119,KH173,1
1121,KH173,1
1123,KH173,1
1125,KH182,1
16,KH15,2
56,KH15,2
65,KH15,2
79,KH15,2
102,KH15,2
132,KH15,2
137,KH29,2
150,KH45,2
151,KH15,2
159,KH45,2
169,KH45,2
172,KH189,2
187,KH15,2
190,KH12,2
193,KH15,2
196,KH45,2
198,KH45,2
200,KH45,2
202,KH45,2
204,KH185,2
205,KH45,2
208,KH12,2
216,KH45,2
221,KH12,2
223,KH45,2
228,KH186,2
233,KH15,2
235,KH186,2
236,KH15,2
239,KH189,2
247,KH186,2
248,KH45,2
250,KH45,2
252,KH185,2
259,KH45,2
261,KH186,2
262,KH15,2
270,KH45,2
273,KH12,2
281,KH45,2
288,KH189,2
301,KH186,2
303,KH45,2
304,KH186,2
310,KH186,2
339,KH45,2
349,KH189,2
350,KH189,2
359,KH29,2
376,KH186,2
377,KH186,2
383,KH186,2
384,KH186,2
393,KH189,2
394,KH189,2
404,KH12,2
408,KH186,2
410,KH189,2
411,KH185,2
414,KH15,2
415,KH189,2
417,KH189,2
418,KH189,2
423,KH29,2
429,KH45,2
435,KH12,2
437,KH189,2
440,KH185,2
447,KH45,2
451,KH185,2
452,KH45,2
456,KH45,2
461,KH12,2
471,KH15,2
472,KH15,2
473,KH45,2
478,KH29,2
487,KH189,2
503,KH186,2
505,KH15,2
506,KH185,2
510,KH29,2
511,KH186,2
514,KH12,2
515,KH29,2
519,KH15,2
520,KH15,2
521,KH185,2
536,KH15,2
537,KH45,2
539,KH29,2
544,KH29,2
545,KH29,2
549,KH29,2
550,KH15,2
553,KH29,2
555,KH29,2
560,KH29,2
565,KH189,2
569,KH189,2
576,KH29,2
577,KH29,2
578,KH189,2
580,KH189,2
585,KH29,2
587,KH189,2
593,KH12,2
594,KH186,2
595,KH189,2
600,KH29,2
609,KH29,2
611,KH189,2
619,KH29,2
620,KH29,2
626,KH12,2
633,KH29,2
635,KH189,2
636,KH189,2
638,KH29,2
644,KH189,2
647,KH45,2
648,KH45,2
649,KH45,2
650,KH29,2
651,KH29,2
652,KH29,2
653,KH29,2
656,KH29,2
657,KH29,2
658,KH29,2
659,KH29,2
660,KH29,2
661,KH29,2
664,KH29,2
665,KH29,2
666,KH29,2
667,KH29,2
668,KH29,2
671,KH29,2
672,KH29,2
674,KH29,2
675,KH29,2
676,KH29,2
678,KH29,2
679,KH29,2
682,KH29,2
683,KH29,2
684,KH29,2
685,KH29,2
686,KH29,2
688,KH29,2
690,KH29,2
691,KH29,2
692,KH29,2
693,KH29,2
695,KH29,2
696,KH29,2
698,KH29,2
699,KH29,2
700,KH29,2
701,KH29,2
702,KH29,2
704,KH29,2
705,KH29,2
711,KH29,2
712,KH29,2
713,KH29,2
714,KH29,2
717,KH29,2
718,KH29,2
719,KH29,2
720,KH29,2
721,KH29,2
722,KH29,2
724,KH29,2
727,KH29,2
728,KH29,2
733,KH29,2
734,KH29,2
740,KH29,2
744,KH29,2
746,KH29,2
753,KH15,2
755,KH15,2
756,KH15,2
760,KH185,2
761,KH185,2
762,KH185,2
768,KH185,2
771,KH12,2
784,KH45,2
790,KH45,2
805,KH15,2
811,KH15,2
821,KH15,2
822,KH12,2
824,KH15,2
826,KH15,2
827,KH15,2
828,KH15,2
831,KH15,2
841,KH15,2
848,KH15,2
850,KH15,2
851,KH15,2
853,KH15,2
855,KH15,2
861,KH15,2
869,KH15,2
880,KH15,2
883,KH45,2
886,KH45,2
887,KH45,2
888,KH12,2
889,KH45,2
891,KH185,2
893,KH45,2
894,KH45,2
895,KH45,2
897,KH45,2
902,KH45,2
906,KH12,2
907,KH45,2
910,KH45,2
913,KH12,2
914,KH45,2
915,KH45,2
917,KH12,2
918,KH185,2
921,KH12,2
922,KH45,2
927,KH12,2
931,KH45,2
934,KH12,2
939,KH189,2
940,KH189,2
941,KH15,2
942,KH12,2
943,KH185,2
949,KH189,2
950,KH185,2
951,KH12,2
952,KH189,2
957,KH15,2
964,KH45,2
968,KH185,2
969,KH185,2
970,KH45,2
972,KH45,2
976,KH189,2
979,KH185,2
983,KH185,2
986,KH12,2
987,KH12,2
993,KH45,2
994,KH189,2
995,KH12,2
998,KH12,2
999,KH45,2
1000,KH45,2
1001,KH45,2
1002,KH189,2
1005,KH185,2
1009,KH185,2
1012,KH12,2
1023,KH45,2
1024,KH45,2
1030,KH185,2
1033,KH45,2
1037,KH45,2
1039,KH12,2
1040,KH45,2
1041,KH45,2
1042,KH12,2
1051,KH12,2
1052,KH185,2
1056,KH185,2
1061,KH189,2
1066,KH15,2
1071,KH189,2
1076,KH15,2
1077,KH45,2
1080,KH45,2
1082,KH12,2
1085,KH29,2
1086,KH29,2
1087,KH29,2
1096,KH15,2
1098,KH15,2
1102,KH45,2
1110,KH15,2
1112,KH15,2
10,KH157,3
11,KH177,3
17,KH177,3
18,KH177,3
20,KH157,3
21,KH157,3
23,KH177,3
52,KH157,3
54,KH157,3
67,KH177,3
69,KH177,3
72,KH177,3
75,KH177,3
78,KH177,3
86,KH177,3
131,KH155,3
132,KH157,3
140,KH157,3
146,KH157,3
155,KH157,3
182,KH98,3
190,KH165,3
200,KH155,3
201,KH155,3
202,KH155,3
204,KH155,3
208,KH177,3
209,KH155,3
211,KH155,3
212,KH155,3
215,KH165,3
217,KH155,3
218,KH155,3
219,KH155,3
220,KH155,3
221,KH177,3
224,KH157,3
239,KH165,3
248,KH165,3
251,KH165,3
252,KH157,3
257,KH165,3
258,KH165,3
305,KH165,3
306,KH165,3
309,KH165,3
313,KH165,3
316,KH165,3
319,KH157,3
323,KH165,3
325,KH28,3
326,KH28,3
327,KH28,3
328,KH28,3
329,KH28,3
330,KH28,3
331,KH28,3
332,KH28,3
333,KH28,3
334,KH28,3
335,KH28,3
336,KH28,3
337,KH28,3
338,KH28,3
339,KH28,3
340,KH28,3
341,KH28,3
342,KH28,3
343,KH28,3
344,KH28,3
345,KH28,3
346,KH28,3
347,KH28,3
353,KH165,3
355,KH165,3
358,KH155,3
360,KH155,3
361,KH155,3
364,KH155,3
365,KH157,3
368,KH155,3
370,KH165,3
374,KH165,3
378,KH165,3
381,KH165,3
385,KH165,3
386,KH165,3
389,KH155,3
390,KH157,3
391,KH157,3
393,KH155,3
394,KH155,3
398,KH155,3
401,KH155,3
403,KH155,3
404,KH155,3
405,KH155,3
410,KH155,3
411,KH157,3
415,KH155,3
417,KH155,3
422,KH157,3
424,KH155,3
425,KH157,3
427,KH157,3
436,KH157,3
441,KH155,3
444,KH177,3
446,KH157,3
449,KH155,3
453,KH157,3
454,KH155,3
456,KH155,3
457,KH155,3
458,KH155,3
461,KH177,3
466,KH155,3
467,KH165,3
475,KH165,3
480,KH155,3
485,KH157,3
486,KH155,3
487,KH165,3
489,KH155,3
491,KH157,3
503,KH157,3
504,KH155,3
505,KH157,3
506,KH157,3
508,KH155,3
513,KH157,3
514,KH177,3
516,KH165,3
524,KH155,3
542,KH157,3
551,KH157,3
552,KH157,3
558,KH157,3
572,KH157,3
578,KH165,3
579,KH165,3
580,KH155,3
597,KH157,3
599,KH157,3
603,KH157,3
608,KH98,3
622,KH157,3
629,KH157,3
754,KH157,3
755,KH157,3
764,KH157,3
772,KH110,3
773,KH110,3
774,KH110,3
779,KH157,3
792,KH157,3
800,KH157,3
804,KH157,3
809,KH157,3
815,KH157,3
818,KH157,3
821,KH157,3
822,KH157,3
830,KH157,3
831,KH157,3
835,KH157,3
840,KH157,3
843,KH177,3
846,KH157,3
851,KH157,3
853,KH157,3
854,KH157,3
885,KH98,3
887,KH98,3
890,KH157,3
891,KH157,3
892,KH157,3
908,KH98,3
919,KH98,3
921,KH157,3
927,KH157,3
937,KH157,3
939,KH157,3
944,KH157,3
946,KH155,3
954,KH157,3
962,KH157,3
964,KH98,3
969,KH157,3
978,KH157,3
983,KH157,3
984,KH157,3
985,KH157,3
990,KH157,3
992,KH157,3
993,KH157,3
996,KH157,3
1000,KH157,3
1005,KH157,3
1006,KH157,3
1007,KH157,3
1009,KH157,3
1012,KH157,3
1013,KH98,3
1014,KH98,3
1029,KH98,3
1038,KH157,3
1042,KH157,3
1044,KH157,3
1047,KH157,3
1054,KH110,3
1055,KH157,3
1056,KH157,3
1061,KH157,3
1062,KH157,3
1067,KH157,3
1081,KH157,3
1090,KH157,3
1092,KH157,3
1097,KH157,3
1099,KH157,3
1103,KH157,3
1105,KH157,3
1120,KH177,3
1123,KH177,3
11,KH39,4
27,KH39,4
32,KH39,4
34,KH39,4
38,KH39,4
39,KH39,4
42,KH39,4
45,KH39,4
49,KH39,4
51,KH39,4
53,KH39,4
61,KH39,4
64,KH39,4
65,KH142,4
71,KH39,4
75,KH46,4
77,KH46,4
81,KH39,4
82,KH39,4
84,KH39,4
86,KH39,4
87,KH39,4
90,KH39,4
91,KH39,4
92,KH39,4
93,KH39,4
96,KH39,4
100,KH39,4
101,KH39,4
102,KH39,4
104,KH39,4
105,KH39,4
106,KH39,4
107,KH39,4
110,KH39,4
112,KH39,4
114,KH39,4
115,KH39,4
123,KH39,4
128,KH39,4
132,KH142,4
133,KH142,4
134,KH39,4
137,KH58,4
141,KH58,4
150,KH142,4
163,KH142,4
165,KH39,4
167,KH142,4
169,KH142,4
172,KH125,4
176,KH39,4
178,KH46,4
182,KH125,4
187,KH142,4
192,KH142,4
193,KH39,4
195,KH125,4
197,KH39,4
198,KH142,4
200,KH142,4
206,KH142,4
218,KH46,4
221,KH46,4
222,KH58,4
223,KH125,4
228,KH39,4
229,KH39,4
230,KH39,4
231,KH39,4
232,KH39,4
233,KH39,4
234,KH39,4
235,KH39,4
236,KH39,4
237,KH39,4
238,KH39,4
240,KH39,4
241,KH39,4
243,KH46,4
250,KH142,4
253,KH46,4
259,KH142,4
263,KH125,4
264,KH125,4
265,KH125,4
266,KH125,4
267,KH125,4
268,KH125,4
269,KH125,4
270,KH125,4
271,KH125,4
272,KH125,4
273,KH125,4
274,KH125,4
275,KH125,4
276,KH125,4
277,KH125,4
278,KH125,4
279,KH125,4
280,KH125,4
281,KH125,4
282,KH125,4
283,KH125,4
284,KH125,4
285,KH125,4
286,KH125,4
287,KH125,4
289,KH125,4
290,KH125,4
291,KH125,4
292,KH125,4
293,KH125,4
294,KH125,4
295,KH125,4
296,KH125,4
297,KH125,4
298,KH125,4
299,KH125,4
303,KH142,4
322,KH46,4
323,KH39,4
337,KH58,4
340,KH46,4
355,KH46,4
362,KH39,4
364,KH142,4
367,KH46,4
375,KH125,4
385,KH46,4
389,KH46,4
394,KH46,4
397,KH142,4
404,KH46,4
411,KH58,4
415,KH46,4
418,KH46,4
430,KH125,4
436,KH142,4
441,KH39,4
445,KH142,4
448,KH142,4
450,KH142,4
451,KH39,4
452,KH125,4
454,KH46,4
457,KH46,4
458,KH46,4
461,KH142,4
478,KH58,4
487,KH58,4
488,KH142,4
489,KH46,4
491,KH169,4
494,KH46,4
506,KH39,4
509,KH39,4
511,KH39,4
512,KH46,4
516,KH142,4
518,KH125,4
519,KH39,4
521,KH142,4
522,KH39,4
525,KH142,4
530,KH142,4
532,KH142,4
541,KH142,4
546,KH58,4
548,KH142,4
557,KH142,4
559,KH142,4
562,KH142,4
563,KH142,4
565,KH142,4
566,KH142,4
569,KH142,4
570,KH142,4
573,KH58,4
592,KH58,4
596,KH142,4
602,KH142,4
604,KH58,4
615,KH142,4
618,KH58,4
621,KH58,4
622,KH142,4
626,KH142,4
630,KH142,4
635,KH142,4
636,KH142,4
642,KH142,4
647,KH142,4
648,KH142,4
656,KH58,4
659,KH58,4
660,KH58,4
665,KH58,4
668,KH58,4
674,KH58,4
676,KH58,4
681,KH58,4
686,KH58,4
690,KH58,4
693,KH58,4
696,KH58,4
698,KH58,4
700,KH58,4
701,KH58,4
710,KH142,4
722,KH58,4
743,KH58,4
744,KH142,4
758,KH39,4
765,KH46,4
770,KH46,4
772,KH39,4
773,KH39,4
774,KH39,4
777,KH39,4
778,KH39,4
779,KH39,4
780,KH39,4
781,KH39,4
786,KH39,4
791,KH39,4
792,KH39,4
798,KH39,4
800,KH39,4
803,KH39,4
804,KH39,4
805,KH39,4
807,KH39,4
808,KH39,4
809,KH39,4
811,KH39,4
812,KH39,4
818,KH39,4
823,KH39,4
826,KH39,4
827,KH39,4
829,KH39,4
830,KH39,4
832,KH39,4
835,KH39,4
839,KH39,4
843,KH39,4
844,KH39,4
852,KH39,4
858,KH39,4
863,KH39,4
868,KH39,4
870,KH39,4
871,KH39,4
872,KH39,4
873,KH39,4
874,KH39,4
875,KH39,4
877,KH39,4
878,KH39,4
879,KH39,4
880,KH39,4
881,KH39,4
882,KH142,4
886,KH142,4
887,KH142,4
889,KH142,4
892,KH142,4
893,KH142,4
894,KH142,4
900,KH142,4
905,KH142,4
907,KH142,4
912,KH142,4
918,KH39,4
920,KH142,4
943,KH46,4
953,KH46,4
966,KH142,4
967,KH142,4
968,KH142,4
971,KH142,4
972,KH142,4
974,KH142,4
980,KH39,4
982,KH46,4
994,KH46,4
1001,KH142,4
1003,KH142,4
1004,KH142,4
1015,KH142,4
1016,KH142,4
1017,KH142,4
1020,KH142,4
1021,KH142,4
1022,KH142,4
1023,KH142,4
1026,KH46,4
1027,KH142,4
1028,KH39,4
1031,KH142,4
1033,KH142,4
1036,KH46,4
1040,KH142,4
1041,KH142,4
1047,KH142,4
1051,KH46,4
1053,KH142,4
1054,KH39,4
1057,KH142,4
1069,KH142,4
1075,KH39,4
1076,KH46,4
1077,KH142,4
1081,KH46,4
1089,KH39,4
1091,KH39,4
1104,KH39,4
1106,KH39,4
1108,KH39,4
1115,KH39,4
1116,KH39,4
1125,KH39,4
10,KH150,5
15,KH150,5
22,KH72,5
36,KH72,5
65,KH59,5
67,KH150,5
69,KH150,5
70,KH150,5
71,KH150,5
72,KH150,5
75,KH72,5
87,KH72,5
93,KH72,5
94,KH72,5
127,KH72,5
136,KH59,5
140,KH171,5
142,KH59,5
146,KH59,5
153,KH51,5
157,KH59,5
162,KH72,5
163,KH59,5
173,KH150,5
174,KH150,5
178,KH59,5
198,KH10,5
201,KH59,5
203,KH72,5
206,KH10,5
207,KH59,5
208,KH59,5
221,KH59,5
224,KH171,5
239,KH59,5
247,KH59,5
263,KH10,5
265,KH10,5
268,KH10,5
270,KH10,5
272,KH10,5
273,KH10,5
275,KH10,5
277,KH10,5
278,KH10,5
281,KH10,5
285,KH10,5
286,KH10,5
288,KH10,5
289,KH10,5
296,KH10,5
299,KH10,5
313,KH72,5
319,KH59,5
323,KH59,5
332,KH10,5
344,KH59,5
348,KH10,5
361,KH59,5
372,KH59,5
381,KH72,5
398,KH59,5
406,KH59,5
407,KH10,5
412,KH171,5
414,KH59,5
419,KH59,5
420,KH10,5
428,KH171,5
429,KH59,5
430,KH10,5
440,KH72,5
448,KH10,5
450,KH10,5
457,KH59,5
464,KH10,5
468,KH171,5
477,KH59,5
478,KH56,5
481,KH150,5
482,KH59,5
485,KH171,5
497,KH99,5
498,KH171,5
504,KH59,5
507,KH150,5
512,KH59,5
517,KH72,5
524,KH59,5
528,KH99,5
531,KH59,5
543,KH10,5
545,KH10,5
549,KH59,5
550,KH59,5
556,KH59,5
591,KH59,5
592,KH59,5
595,KH10,5
597,KH10,5
613,KH10,5
617,KH59,5
638,KH59,5
639,KH99,5
645,KH10,5
752,KH72,5
754,KH72,5
759,KH59,5
760,KH59,5
763,KH59,5
768,KH10,5
769,KH72,5
775,KH59,5
783,KH10,5
811,KH72,5
816,KH72,5
821,KH72,5
840,KH72,5
843,KH150,5
857,KH150,5
868,KH72,5
879,KH72,5
886,KH59,5
889,KH10,5
892,KH59,5
893,KH10,5
897,KH10,5
903,KH10,5
914,KH59,5
921,KH59,5
924,KH59,5
927,KH59,5
936,KH59,5
938,KH99,5
939,KH59,5
941,KH59,5
944,KH59,5
946,KH59,5
947,KH59,5
948,KH59,5
953,KH171,5
956,KH59,5
959,KH59,5
963,KH10,5
975,KH59,5
977,KH59,5
978,KH59,5
979,KH59,5
981,KH59,5
987,KH59,5
989,KH99,5
990,KH59,5
995,KH59,5
1000,KH59,5
1001,KH10,5
1004,KH10,5
1007,KH171,5
1009,KH59,5
1010,KH59,5
1013,KH59,5
1014,KH59,5
1017,KH59,5
1018,KH59,5
1022,KH59,5
1027,KH10,5
1031,KH59,5
1032,KH59,5
1033,KH10,5
1036,KH59,5
1037,KH59,5
1038,KH59,5
1041,KH10,5
1042,KH171,5
1045,KH59,5
1046,KH59,5
1049,KH59,5
1058,KH10,5
1061,KH59,5
1081,KH59,5
1091,KH150,5
1094,KH72,5
1095,KH72,5
1100,KH72,5
1104,KH72,5
1110,KH150,5
7,KH80,6
8,KH85,6
9,KH80,6
13,KH88,6
14,KH88,6
15,KH136,6
16,KH136,6
18,KH136,6
21,KH88,6
22,KH88,6
24,KH80,6
25,KH80,6
30,KH80,6
31,KH80,6
33,KH85,6
35,KH85,6
36,KH85,6
37,KH80,6
40,KH85,6
41,KH85,6
43,KH80,6
44,KH85,6
45,KH85,6
46,KH80,6
47,KH136,6
48,KH85,6
50,KH85,6
51,KH85,6
52,KH85,6
54,KH85,6
55,KH85,6
56,KH85,6
57,KH85,6
58,KH85,6
59,KH85,6
60,KH85,6
66,KH80,6
73,KH136,6
74,KH136,6
77,KH136,6
82,KH85,6
83,KH85,6
85,KH85,6
86,KH85,6
88,KH85,6
89,KH136,6
94,KH85,6
95,KH80,6
97,KH136,6
109,KH85,6
124,KH136,6
125,KH136,6
126,KH36,6
127,KH85,6
129,KH85,6
135,KH80,6
139,KH80,6
140,KH141,6
143,KH131,6
145,KH80,6
148,KH80,6
149,KH80,6
154,KH80,6
155,KH141,6
157,KH131,6
158,KH80,6
160,KH80,6
162,KH85,6
164,KH80,6
166,KH80,6
168,KH80,6
171,KH85,6
172,KH91,6
175,KH80,6
178,KH136,6
179,KH80,6
181,KH80,6
183,KH80,6
184,KH131,6
185,KH80,6
189,KH80,6
191,KH80,6
192,KH131,6
194,KH80,6
195,KH85,6
198,KH131,6
199,KH131,6
203,KH131,6
206,KH131,6
209,KH32,6
211,KH131,6
212,KH131,6
213,KH141,6
217,KH131,6
218,KH141,6
221,KH44,6
223,KH88,6
224,KH141,6
228,KH136,6
256,KH88,6
263,KH88,6
264,KH88,6
265,KH88,6
266,KH88,6
267,KH88,6
268,KH88,6
269,KH88,6
270,KH88,6
271,KH88,6
272,KH88,6
273,KH88,6
274,KH88,6
275,KH88,6
276,KH85,6
277,KH88,6
278,KH88,6
279,KH88,6
280,KH91,6
281,KH88,6
282,KH88,6
283,KH91,6
284,KH88,6
285,KH88,6
286,KH88,6
287,KH88,6
288,KH88,6
289,KH88,6
290,KH88,6
291,KH88,6
292,KH88,6
293,KH88,6
294,KH88,6
295,KH88,6
296,KH88,6
297,KH88,6
298,KH85,6
299,KH88,6
302,KH131,6
308,KH131,6
314,KH131,6
319,KH136,6
320,KH131,6
325,KH91,6
326,KH91,6
328,KH131,6
329,KH91,6
331,KH91,6
332,KH91,6
334,KH91,6
335,KH91,6
337,KH91,6
339,KH91,6
343,KH91,6
345,KH91,6
347,KH91,6
348,KH141,6
349,KH141,6
356,KH141,6
358,KH141,6
359,KH131,6
363,KH131,6
365,KH136,6
366,KH131,6
369,KH131,6
373,KH131,6
386,KH136,6
399,KH131,6
401,KH131,6
404,KH44,6
405,KH131,6
406,KH44,6
407,KH131,6
423,KH91,6
427,KH136,6
430,KH88,6
433,KH131,6
437,KH44,6
438,KH131,6
439,KH136,6
440,KH131,6
442,KH131,6
443,KH131,6
444,KH131,6
447,KH131,6
448,KH131,6
450,KH131,6
452,KH88,6
453,KH141,6
459,KH131,6
464,KH131,6
471,KH141,6
472,KH141,6
476,KH141,6
479,KH141,6
480,KH141,6
484,KH141,6
493,KH141,6
494,KH44,6
495,KH141,6
498,KH141,6
500,KH141,6
504,KH136,6
505,KH136,6
507,KH141,6
513,KH141,6
514,KH136,6
517,KH85,6
518,KH88,6
519,KH136,6
521,KH88,6
523,KH131,6
526,KH131,6
527,KH131,6
532,KH131,6
533,KH131,6
534,KH131,6
537,KH131,6
540,KH141,6
543,KH131,6
548,KH131,6
555,KH131,6
557,KH131,6
561,KH131,6
562,KH131,6
564,KH131,6
567,KH131,6
571,KH131,6
572,KH131,6
574,KH131,6
575,KH131,6
578,KH131,6
586,KH131,6
587,KH131,6
588,KH131,6
589,KH131,6
590,KH131,6
594,KH131,6
596,KH131,6
598,KH131,6
599,KH131,6
608,KH141,6
610,KH131,6
612,KH131,6
614,KH131,6
615,KH131,6
616,KH131,6
621,KH32,6
624,KH131,6
625,KH131,6
629,KH131,6
631,KH131,6
632,KH131,6
634,KH131,6
640,KH131,6
641,KH131,6
644,KH131,6
646,KH44,6
649,KH131,6
654,KH131,6
755,KH136,6
760,KH131,6
761,KH136,6
762,KH44,6
763,KH131,6
764,KH44,6
768,KH44,6
770,KH141,6
772,KH131,6
773,KH131,6
774,KH131,6
785,KH136,6
791,KH136,6
792,KH136,6
797,KH136,6
804,KH136,6
805,KH136,6
818,KH136,6
821,KH136,6
824,KH136,6
826,KH136,6
831,KH136,6
847,KH136,6
848,KH136,6
850,KH136,6
851,KH136,6
853,KH136,6
855,KH136,6
856,KH136,6
857,KH136,6
882,KH131,6
888,KH32,6
889,KH131,6
890,KH131,6
893,KH131,6
894,KH131,6
895,KH131,6
897,KH131,6
898,KH131,6
902,KH131,6
903,KH131,6
906,KH131,6
908,KH32,6
910,KH136,6
911,KH131,6
915,KH131,6
916,KH131,6
919,KH131,6
920,KH32,6
921,KH32,6
923,KH131,6
925,KH32,6
926,KH32,6
928,KH32,6
930,KH141,6
935,KH131,6
940,KH32,6
941,KH32,6
946,KH136,6
947,KH32,6
948,KH44,6
950,KH44,6
953,KH44,6
954,KH136,6
959,KH44,6
960,KH141,6
964,KH131,6
965,KH131,6
967,KH131,6
972,KH131,6
973,KH131,6
974,KH131,6
975,KH131,6
978,KH32,6
981,KH44,6
984,KH141,6
985,KH136,6
986,KH32,6
987,KH32,6
999,KH131,6
1002,KH44,6
1006,KH131,6
1011,KH136,6
1013,KH131,6
1014,KH131,6
1020,KH131,6
1023,KH131,6
1024,KH131,6
1027,KH131,6
1029,KH131,6
1032,KH136,6
1033,KH131,6
1040,KH131,6
1044,KH141,6
1048,KH131,6
1049,KH44,6
1050,KH131,6
1051,KH32,6
1054,KH131,6
1055,KH136,6
1057,KH131,6
1058,KH131,6
1060,KH131,6
1062,KH141,6
1063,KH131,6
1070,KH131,6
1074,KH80,6
1076,KH44,6
1079,KH131,6
1082,KH32,6
1088,KH88,6
1089,KH136,6
1096,KH136,6
1101,KH136,6
1102,KH136,6
1103,KH136,6
1105,KH136,6
1110,KH136,6
1111,KH136,6
1112,KH136,6
1113,KH136,6
1114,KH136,6
1117,KH136,6
1118,KH136,6
1119,KH136,6
1120,KH136,6
1121,KH136,6
1122,KH136,6
12,KH183,7
16,KH147,7
19,KH183,7
29,KH183,7
30,KH183,7
34,KH183,7
35,KH183,7
37,KH183,7
38,KH183,7
39,KH183,7
42,KH183,7
49,KH183,7
53,KH183,7
60,KH147,7
61,KH183,7
63,KH183,7
67,KH147,7
69,KH183,7
70,KH147,7
71,KH147,7
73,KH147,7
81,KH183,7
84,KH183,7
89,KH183,7
91,KH183,7
92,KH183,7
93,KH147,7
96,KH183,7
97,KH183,7
98,KH183,7
99,KH183,7
100,KH183,7
101,KH183,7
102,KH183,7
103,KH183,7
104,KH183,7
105,KH183,7
110,KH183,7
111,KH183,7
113,KH183,7
114,KH183,7
115,KH183,7
116,KH183,7
117,KH183,7
118,KH183,7
119,KH183,7
120,KH183,7
121,KH183,7
124,KH183,7
126,KH183,7
127,KH183,7
128,KH183,7
129,KH147,7
130,KH183,7
132,KH13,7
134,KH183,7
137,KH30,7
140,KH147,7
141,KH30,7
142,KH14,7
145,KH183,7
146,KH183,7
147,KH183,7
149,KH183,7
150,KH183,7
152,KH183,7
153,KH183,7
154,KH183,7
156,KH183,7
159,KH14,7
160,KH183,7
163,KH183,7
164,KH183,7
165,KH183,7
166,KH183,7
168,KH183,7
170,KH183,7
172,KH68,7
175,KH183,7
177,KH147,7
178,KH147,7
179,KH183,7
180,KH183,7
183,KH183,7
184,KH183,7
185,KH183,7
189,KH183,7
191,KH183,7
197,KH183,7
198,KH147,7
199,KH145,7
203,KH14,7
205,KH145,7
207,KH13,7
213,KH145,7
220,KH14,7
252,KH147,7
261,KH147,7
266,KH13,7
271,KH147,7
274,KH13,7
279,KH147,7
284,KH13,7
326,KH13,7
327,KH13,7
332,KH68,7
335,KH13,7
336,KH13,7
338,KH13,7
343,KH13,7
354,KH30,7
358,KH145,7
360,KH145,7
363,KH145,7
365,KH147,7
367,KH145,7
386,KH14,7
388,KH147,7
390,KH147,7
391,KH145,7
392,KH145,7
397,KH145,7
420,KH13,7
424,KH145,7
426,KH145,7
427,KH145,7
431,KH145,7
432,KH145,7
433,KH145,7
434,KH145,7
441,KH145,7
448,KH145,7
450,KH145,7
454,KH145,7
462,KH145,7
463,KH145,7
475,KH183,7
479,KH147,7
483,KH147,7
486,KH145,7
493,KH145,7
496,KH147,7
499,KH30,7
505,KH13,7
506,KH14,7
508,KH145,7
514,KH147,7
515,KH30,7
519,KH14,7
520,KH183,7
522,KH147,7
523,KH68,7
525,KH68,7
526,KH68,7
535,KH13,7
537,KH147,7
541,KH30,7
543,KH68,7
547,KH30,7
548,KH30,7
549,KH30,7
553,KH13,7
554,KH68,7
555,KH30,7
559,KH13,7
560,KH68,7
561,KH68,7
562,KH68,7
564,KH68,7
565,KH68,7
572,KH68,7
573,KH183,7
574,KH68,7
589,KH68,7
590,KH147,7
594,KH68,7
598,KH68,7
600,KH30,7
601,KH68,7
603,KH68,7
606,KH14,7
608,KH13,7
610,KH30,7
613,KH30,7
614,KH68,7
618,KH30,7
621,KH68,7
626,KH147,7
628,KH30,7
629,KH147,7
632,KH68,7
633,KH30,7
634,KH68,7
638,KH30,7
639,KH147,7
640,KH68,7
643,KH30,7
646,KH30,7
651,KH30,7
652,KH30,7
653,KH30,7
654,KH68,7
655,KH30,7
656,KH30,7
659,KH30,7
662,KH30,7
663,KH30,7
668,KH30,7
669,KH30,7
670,KH30,7
672,KH30,7
673,KH30,7
674,KH30,7
676,KH30,7
677,KH30,7
680,KH30,7
681,KH30,7
683,KH30,7
686,KH30,7
690,KH30,7
691,KH30,7
693,KH30,7
694,KH30,7
695,KH30,7
697,KH30,7
698,KH30,7
700,KH30,7
701,KH30,7
702,KH30,7
703,KH30,7
704,KH30,7
705,KH30,7
706,KH30,7
707,KH30,7
708,KH30,7
709,KH30,7
712,KH30,7
714,KH30,7
715,KH30,7
716,KH30,7
717,KH30,7
719,KH30,7
722,KH30,7
723,KH30,7
725,KH30,7
726,KH30,7
728,KH30,7
729,KH30,7
731,KH30,7
732,KH30,7
733,KH30,7
735,KH30,7
736,KH30,7
737,KH30,7
738,KH30,7
739,KH30,7
740,KH30,7
742,KH30,7
743,KH30,7
744,KH30,7
745,KH30,7
747,KH30,7
748,KH30,7
749,KH30,7
750,KH30,7
751,KH30,7
761,KH147,7
777,KH147,7
782,KH14,7
789,KH147,7
791,KH13,7
795,KH14,7
797,KH147,7
821,KH14,7
823,KH147,7
824,KH14,7
825,KH14,7
826,KH14,7
832,KH13,7
833,KH147,7
836,KH13,7
838,KH147,7
839,KH13,7
852,KH147,7
861,KH13,7
863,KH14,7
871,KH147,7
873,KH147,7
874,KH147,7
875,KH14,7
883,KH13,7
898,KH13,7
904,KH14,7
907,KH13,7
908,KH14,7
909,KH147,7
910,KH147,7
915,KH13,7
916,KH13,7
926,KH13,7
929,KH147,7
932,KH14,7
937,KH147,7
938,KH14,7
939,KH147,7
945,KH147,7
948,KH14,7
949,KH14,7
951,KH147,7
954,KH147,7
961,KH14,7
968,KH13,7
971,KH13,7
977,KH14,7
978,KH14,7
983,KH14,7
984,KH147,7
986,KH14,7
989,KH68,7
996,KH13,7
998,KH14,7
1009,KH147,7
1020,KH68,7
1028,KH13,7
1034,KH147,7
1035,KH147,7
1037,KH147,7
1038,KH147,7
1039,KH14,7
1043,KH147,7
1062,KH147,7
1064,KH13,7
1070,KH68,7
1075,KH147,7
1079,KH183,7
1082,KH14,7
1084,KH30,7
1086,KH30,7
1087,KH30,7
1089,KH147,7
1095,KH147,7
1103,KH147,7
1106,KH14,7
1109,KH147,7
1113,KH147,7
1118,KH147,7
1121,KH147,7
1123,KH147,7
7,KH184,8
9,KH184,8
10,KH116,8
11,KH152,8
13,KH152,8
14,KH116,8
15,KH116,8
17,KH152,8
23,KH152,8
24,KH184,8
25,KH184,8
26,KH184,8
27,KH184,8
28,KH184,8
31,KH184,8
32,KH118,8
36,KH116,8
43,KH184,8
46,KH184,8
50,KH116,8
55,KH116,8
56,KH116,8
62,KH184,8
64,KH184,8
65,KH120,8
66,KH184,8
70,KH152,8
71,KH152,8
75,KH152,8
77,KH116,8
78,KH152,8
79,KH116,8
81,KH116,8
83,KH116,8
86,KH152,8
87,KH118,8
88,KH116,8
90,KH184,8
97,KH116,8
107,KH184,8
108,KH184,8
123,KH184,8
125,KH184,8
133,KH187,8
135,KH184,8
136,KH124,8
138,KH118,8
139,KH184,8
143,KH118,8
148,KH184,8
151,KH116,8
161,KH184,8
173,KH120,8
174,KH116,8
177,KH124,8
178,KH124,8
181,KH184,8
186,KH118,8
187,KH120,8
188,KH118,8
190,KH187,8
194,KH184,8
195,KH116,8
201,KH120,8
202,KH120,8
206,KH174,8
207,KH123,8
210,KH120,8
211,KH124,8
212,KH124,8
214,KH104,8
216,KH174,8
224,KH174,8
227,KH104,8
229,KH187,8
230,KH187,8
233,KH118,8
236,KH104,8
240,KH118,8
244,KH187,8
248,KH104,8
252,KH174,8
255,KH104,8
256,KH104,8
261,KH187,8
266,KH120,8
284,KH120,8
287,KH120,8
290,KH120,8
292,KH120,8
293,KH120,8
301,KH104,8
303,KH104,8
305,KH104,8
308,KH104,8
310,KH187,8
312,KH187,8
315,KH187,8
317,KH104,8
318,KH187,8
320,KH104,8
324,KH104,8
328,KH123,8
330,KH123,8
331,KH124,8
347,KH124,8
350,KH124,8
352,KH187,8
353,KH190,8
367,KH124,8
373,KH104,8
374,KH104,8
375,KH104,8
377,KH104,8
378,KH187,8
383,KH187,8
384,KH187,8
387,KH187,8
394,KH124,8
395,KH152,8
399,KH123,8
405,KH123,8
408,KH187,8
409,KH104,8
410,KH123,8
416,KH104,8
417,KH124,8
419,KH118,8
422,KH174,8
428,KH174,8
431,KH174,8
439,KH187,8
452,KH124,8
455,KH187,8
456,KH124,8
461,KH124,8
462,KH124,8
465,KH187,8
467,KH104,8
476,KH124,8
478,KH190,8
484,KH124,8
485,KH124,8
488,KH124,8
493,KH124,8
494,KH124,8
501,KH124,8
503,KH187,8
507,KH152,8
509,KH118,8
511,KH104,8
513,KH174,8
514,KH152,8
516,KH104,8
518,KH120,8
521,KH124,8
523,KH123,8
527,KH123,8
533,KH123,8
535,KH123,8
536,KH190,8
537,KH124,8
540,KH190,8
541,KH190,8
544,KH190,8
546,KH190,8
557,KH123,8
564,KH123,8
565,KH123,8
566,KH124,8
568,KH123,8
575,KH123,8
579,KH104,8
580,KH120,8
582,KH124,8
583,KH124,8
584,KH124,8
585,KH190,8
586,KH123,8
588,KH124,8
589,KH190,8
594,KH187,8
596,KH123,8
599,KH123,8
607,KH123,8
609,KH190,8
614,KH123,8
623,KH123,8
625,KH124,8
631,KH123,8
634,KH124,8
639,KH123,8
645,KH124,8
646,KH124,8
651,KH190,8
656,KH190,8
690,KH190,8
711,KH190,8
713,KH190,8
744,KH190,8
753,KH116,8
756,KH116,8
758,KH116,8
759,KH120,8
760,KH120,8
765,KH124,8
769,KH120,8
770,KH124,8
776,KH116,8
782,KH116,8
785,KH116,8
790,KH116,8
791,KH116,8
795,KH116,8
796,KH116,8
798,KH116,8
800,KH116,8
807,KH116,8
811,KH116,8
813,KH116,8
814,KH116,8
826,KH116,8
827,KH116,8
832,KH116,8
836,KH116,8
837,KH116,8
839,KH116,8
848,KH116,8
850,KH116,8
854,KH116,8
856,KH116,8
857,KH152,8
858,KH116,8
859,KH116,8
862,KH116,8
870,KH116,8
872,KH116,8
873,KH116,8
875,KH116,8
876,KH116,8
877,KH116,8
878,KH116,8
879,KH116,8
880,KH116,8
885,KH120,8
887,KH120,8
891,KH120,8
892,KH120,8
893,KH120,8
896,KH120,8
899,KH120,8
901,KH120,8
905,KH120,8
909,KH120,8
912,KH120,8
913,KH120,8
914,KH120,8
922,KH120,8
924,KH120,8
928,KH120,8
930,KH123,8
931,KH120,8
933,KH120,8
934,KH120,8
935,KH123,8
936,KH123,8
937,KH123,8
944,KH120,8
945,KH123,8
951,KH123,8
952,KH123,8
956,KH120,8
957,KH120,8
960,KH123,8
963,KH120,8
964,KH120,8
965,KH120,8
966,KH120,8
967,KH120,8
968,KH120,8
970,KH120,8
974,KH120,8
975,KH120,8
976,KH124,8
977,KH120,8
979,KH120,8
980,KH120,8
981,KH124,8
982,KH123,8
983,KH120,8
985,KH120,8
992,KH123,8
995,KH120,8
996,KH123,8
1002,KH124,8
1005,KH120,8
1007,KH174,8
1008,KH124,8
1017,KH120,8
1022,KH120,8
1025,KH120,8
1028,KH2,8
1031,KH120,8
1039,KH120,8
1042,KH124,8
1045,KH120,8
1046,KH120,8
1049,KH120,8
1050,KH120,8
1053,KH120,8
1057,KH123,8
1060,KH123,8
1064,KH123,8
1065,KH124,8
1066,KH123,8
1067,KH123,8
1070,KH124,8
1072,KH123,8
1077,KH187,8
1078,KH104,8
1080,KH120,8
1081,KH123,8
1082,KH120,8
1084,KH190,8
1088,KH116,8
1096,KH116,8
1097,KH116,8
1099,KH116,8
1101,KH116,8
1102,KH184,8
1107,KH116,8
1112,KH116,8
1114,KH152,8
1116,KH116,8
1118,KH152,8
1119,KH152,8
1120,KH152,8
1121,KH152,8
1123,KH152,8
1125,KH116,8
8,KH117,9
11,KH117,9
13,KH117,9
16,KH117,9
17,KH117,9
18,KH117,9
20,KH117,9
22,KH117,9
23,KH117,9
41,KH117,9
44,KH117,9
45,KH117,9
47,KH117,9
51,KH117,9
57,KH117,9
58,KH117,9
59,KH117,9
62,KH31,9
67,KH117,9
68,KH117,9
70,KH117,9
71,KH117,9
72,KH117,9
73,KH117,9
75,KH117,9
77,KH31,9
78,KH117,9
80,KH117,9
82,KH117,9
85,KH117,9
86,KH117,9
93,KH117,9
109,KH117,9
133,KH47,9
150,KH47,9
157,KH89,9
167,KH47,9
171,KH48,9
173,KH47,9
174,KH47,9
182,KH48,9
196,KH47,9
199,KH47,9
204,KH47,9
208,KH43,9
211,KH143,9
213,KH89,9
215,KH89,9
217,KH47,9
223,KH48,9
227,KH47,9
242,KH47,9
244,KH47,9
246,KH47,9
249,KH47,9
251,KH47,9
254,KH47,9
255,KH47,9
256,KH47,9
257,KH47,9
258,KH47,9
260,KH47,9
263,KH48,9
264,KH48,9
265,KH48,9
266,KH48,9
269,KH48,9
272,KH48,9
273,KH48,9
274,KH48,9
275,KH48,9
276,KH48,9
277,KH48,9
278,KH48,9
280,KH48,9
281,KH48,9
282,KH48,9
284,KH48,9
285,KH48,9
286,KH48,9
287,KH48,9
288,KH48,9
289,KH48,9
290,KH48,9
291,KH48,9
292,KH48,9
293,KH48,9
295,KH48,9
296,KH48,9
297,KH48,9
298,KH48,9
300,KH47,9
301,KH47,9
302,KH47,9
305,KH47,9
306,KH47,9
307,KH47,9
308,KH47,9
309,KH47,9
310,KH47,9
311,KH47,9
312,KH47,9
315,KH47,9
316,KH47,9
318,KH47,9
319,KH43,9
320,KH47,9
323,KH47,9
324,KH47,9
328,KH48,9
331,KH143,9
333,KH143,9
335,KH48,9
337,KH143,9
339,KH143,9
341,KH48,9
344,KH48,9
346,KH143,9
356,KH89,9
357,KH43,9
361,KH47,9
363,KH47,9
364,KH47,9
365,KH117,9
367,KH89,9
368,KH47,9
369,KH47,9
370,KH47,9
372,KH47,9
375,KH47,9
376,KH47,9
377,KH47,9
378,KH47,9
379,KH47,9
380,KH47,9
381,KH47,9
383,KH47,9
384,KH47,9
386,KH47,9
387,KH47,9
388,KH43,9
389,KH117,9
392,KH43,9
395,KH43,9
396,KH143,9
397,KH89,9
401,KH143,9
403,KH143,9
412,KH89,9
414,KH43,9
417,KH89,9
418,KH89,9
419,KH89,9
421,KH143,9
424,KH43,9
428,KH89,9
430,KH48,9
437,KH89,9
438,KH89,9
448,KH47,9
449,KH43,9
450,KH47,9
452,KH48,9
455,KH47,9
462,KH143,9
466,KH143,9
470,KH89,9
471,KH89,9
472,KH89,9
474,KH89,9
479,KH89,9
481,KH89,9
483,KH89,9
484,KH89,9
485,KH43,9
490,KH43,9
493,KH89,9
497,KH89,9
498,KH89,9
499,KH143,9
500,KH89,9
501,KH143,9
503,KH89,9
504,KH43,9
510,KH143,9
512,KH89,9
516,KH48,9
517,KH117,9
518,KH48,9
522,KH117,9
526,KH143,9
529,KH143,9
532,KH47,9
536,KH89,9
538,KH43,9
542,KH43,9
543,KH143,9
545,KH143,9
547,KH143,9
551,KH143,9
554,KH143,9
567,KH143,9
571,KH143,9
574,KH143,9
578,KH47,9
579,KH48,9
582,KH143,9
583,KH143,9
584,KH143,9
587,KH47,9
588,KH143,9
589,KH143,9
590,KH143,9
591,KH143,9
592,KH89,9
595,KH143,9
597,KH143,9
604,KH89,9
605,KH89,9
606,KH89,9
607,KH89,9
613,KH143,9
617,KH89,9
618,KH143,9
620,KH143,9
625,KH143,9
631,KH143,9
635,KH89,9
638,KH143,9
641,KH47,9
644,KH143,9
654,KH143,9
655,KH143,9
657,KH143,9
661,KH143,9
667,KH143,9
675,KH143,9
677,KH143,9
679,KH143,9
680,KH143,9
682,KH143,9
687,KH143,9
688,KH143,9
703,KH143,9
705,KH143,9
707,KH143,9
708,KH143,9
711,KH143,9
717,KH143,9
718,KH143,9
720,KH143,9
721,KH143,9
724,KH143,9
725,KH143,9
726,KH143,9
727,KH143,9
728,KH143,9
729,KH143,9
730,KH143,9
731,KH143,9
732,KH143,9
735,KH143,9
736,KH143,9
737,KH143,9
741,KH143,9
745,KH143,9
749,KH143,9
750,KH143,9
751,KH143,9
755,KH31,9
757,KH31,9
759,KH47,9
763,KH47,9
765,KH89,9
766,KH47,9
768,KH89,9
770,KH89,9
776,KH31,9
777,KH117,9
778,KH47,9
783,KH47,9
785,KH31,9
786,KH117,9
788,KH117,9
792,KH117,9
793,KH31,9
794,KH31,9
797,KH117,9
799,KH117,9
801,KH31,9
802,KH117,9
803,KH117,9
804,KH117,9
805,KH117,9
806,KH117,9
808,KH117,9
815,KH117,9
816,KH117,9
818,KH117,9
819,KH117,9
823,KH117,9
824,KH117,9
825,KH31,9
829,KH31,9
830,KH117,9
831,KH31,9
833,KH117,9
834,KH117,9
838,KH117,9
840,KH117,9
841,KH31,9
842,KH117,9
843,KH117,9
844,KH117,9
845,KH117,9
847,KH117,9
849,KH117,9
850,KH31,9
852,KH117,9
853,KH31,9
854,KH31,9
855,KH31,9
857,KH117,9
860,KH117,9
863,KH31,9
864,KH117,9
865,KH117,9
866,KH117,9
867,KH117,9
869,KH117,9
871,KH117,9
874,KH117,9
875,KH31,9
876,KH31,9
881,KH117,9
884,KH47,9
885,KH47,9
888,KH47,9
890,KH47,9
891,KH47,9
896,KH47,9
898,KH47,9
900,KH47,9
903,KH47,9
905,KH47,9
906,KH47,9
909,KH47,9
912,KH47,9
915,KH47,9
921,KH43,9
923,KH47,9
924,KH47,9
926,KH47,9
928,KH43,9
929,KH43,9
931,KH47,9
935,KH47,9
937,KH47,9
940,KH89,9
942,KH43,9
943,KH43,9
945,KH89,9
948,KH89,9
950,KH89,9
952,KH89,9
954,KH117,9
955,KH89,9
957,KH43,9
958,KH47,9
961,KH89,9
962,KH89,9
963,KH43,9
964,KH47,9
965,KH47,9
970,KH47,9
973,KH47,9
976,KH43,9
980,KH47,9
984,KH43,9
985,KH43,9
986,KH43,9
988,KH143,9
989,KH47,9
992,KH89,9
994,KH43,9
996,KH89,9
997,KH89,9
998,KH89,9
999,KH89,9
1001,KH117,9
1003,KH47,9
1004,KH47,9
1005,KH47,9
1010,KH47,9
1011,KH117,9
1012,KH47,9
1015,KH47,9
1016,KH47,9
1018,KH47,9
1019,KH47,9
1021,KH47,9
1024,KH47,9
1025,KH47,9
1027,KH47,9
1029,KH47,9
1030,KH47,9
1035,KH47,9
1045,KH47,9
1046,KH47,9
1047,KH47,9
1048,KH47,9
1050,KH47,9
1052,KH47,9
1053,KH47,9
1056,KH89,9
1058,KH143,9
1059,KH89,9
1065,KH89,9
1066,KH89,9
1067,KH89,9
1072,KH89,9
1075,KH117,9
1076,KH43,9
1079,KH47,9
1080,KH47,9
1083,KH47,9
1085,KH143,9
1086,KH89,9
1089,KH117,9
1091,KH117,9
1093,KH117,9
1095,KH117,9
1096,KH31,9
1098,KH31,9
1100,KH117,9
1103,KH117,9
1105,KH117,9
1108,KH117,9
1109,KH117,9
1110,KH31,9
1111,KH117,9
1113,KH117,9
1116,KH31,9
1117,KH117,9
1119,KH117,9
1120,KH117,9
1122,KH117,9
1,KH61,10
2,KH61,10
4,KH61,10
5,KH61,10
6,KH61,10
7,KH61,10
9,KH61,10
16,KH8,10
17,KH8,10
24,KH61,10
25,KH61,10
31,KH61,10
37,KH61,10
43,KH61,10
46,KH61,10
65,KH64,10
66,KH61,10
74,KH8,10
89,KH8,10
95,KH61,10
126,KH61,10
135,KH61,10
137,KH34,10
139,KH61,10
141,KH34,10
143,KH64,10
147,KH61,10
148,KH61,10
154,KH61,10
155,KH8,10
158,KH61,10
160,KH61,10
163,KH64,10
164,KH61,10
166,KH61,10
168,KH61,10
169,KH61,10
171,KH64,10
173,KH64,10
175,KH61,10
179,KH61,10
180,KH8,10
181,KH61,10
182,KH64,10
183,KH61,10
185,KH61,10
189,KH61,10
190,KH8,10
191,KH61,10
194,KH61,10
200,KH64,10
201,KH64,10
202,KH64,10
210,KH8,10
221,KH8,10
222,KH34,10
227,KH64,10
240,KH75,10
245,KH8,10
248,KH64,10
249,KH65,10
253,KH8,10
254,KH64,10
256,KH64,10
257,KH8,10
258,KH64,10
259,KH64,10
260,KH64,10
262,KH64,10
269,KH75,10
275,KH64,10
282,KH65,10
283,KH34,10
287,KH64,10
289,KH64,10
294,KH64,10
297,KH64,10
299,KH64,10
300,KH64,10
301,KH64,10
302,KH64,10
304,KH64,10
305,KH64,10
306,KH64,10
307,KH64,10
309,KH64,10
310,KH64,10
311,KH64,10
313,KH64,10
315,KH64,10
316,KH64,10
317,KH64,10
320,KH64,10
325,KH96,10
336,KH96,10
340,KH96,10
344,KH34,10
346,KH96,10
354,KH34,10
359,KH34,10
364,KH64,10
366,KH64,10
369,KH65,10
371,KH8,10
372,KH64,10
373,KH64,10
375,KH65,10
376,KH16,10
377,KH64,10
378,KH64,10
379,KH64,10
381,KH64,10
383,KH64,10
385,KH8,10
387,KH8,10
389,KH8,10
395,KH8,10
398,KH8,10
412,KH8,10
415,KH8,10
416,KH34,10
419,KH96,10
429,KH96,10
432,KH8,10
435,KH8,10
442,KH64,10
444,KH96,10
449,KH8,10
456,KH96,10
458,KH8,10
463,KH75,10
465,KH34,10
478,KH34,10
487,KH34,10
502,KH75,10
515,KH34,10
516,KH64,10
518,KH64,10
520,KH64,10
521,KH64,10
530,KH75,10
538,KH75,10
546,KH34,10
551,KH34,10
554,KH75,10
561,KH34,10
562,KH96,10
564,KH96,10
567,KH96,10
568,KH34,10
570,KH34,10
575,KH96,10
579,KH64,10
580,KH34,10
584,KH96,10
585,KH34,10
592,KH96,10
596,KH75,10
600,KH34,10
601,KH75,10
607,KH75,10
617,KH75,10
619,KH34,10
621,KH34,10
624,KH75,10
628,KH34,10
632,KH96,10
641,KH64,10
642,KH34,10
646,KH34,10
647,KH64,10
648,KH64,10
651,KH34,10
652,KH34,10
656,KH34,10
659,KH34,10
660,KH34,10
665,KH34,10
673,KH34,10
674,KH34,10
678,KH34,10
679,KH34,10
681,KH34,10
685,KH34,10
691,KH34,10
696,KH34,10
697,KH34,10
699,KH34,10
711,KH34,10
712,KH34,10
713,KH34,10
722,KH34,10
734,KH34,10
737,KH34,10
738,KH34,10
742,KH34,10
744,KH34,10
750,KH34,10
752,KH96,10
757,KH8,10
759,KH64,10
760,KH64,10
762,KH8,10
766,KH64,10
769,KH8,10
772,KH65,10
773,KH65,10
774,KH65,10
777,KH8,10
783,KH64,10
785,KH8,10
788,KH8,10
791,KH8,10
799,KH8,10
824,KH8,10
826,KH8,10
828,KH8,10
831,KH8,10
841,KH8,10
848,KH8,10
850,KH8,10
851,KH8,10
853,KH8,10
855,KH8,10
857,KH8,10
861,KH8,10
863,KH8,10
885,KH64,10
886,KH64,10
887,KH64,10
889,KH64,10
891,KH64,10
893,KH64,10
896,KH64,10
897,KH65,10
898,KH64,10
899,KH65,10
900,KH65,10
901,KH64,10
902,KH64,10
903,KH64,10
904,KH64,10
905,KH64,10
907,KH64,10
911,KH64,10
912,KH64,10
913,KH64,10
914,KH64,10
915,KH64,10
916,KH64,10
918,KH64,10
919,KH64,10
928,KH8,10
929,KH8,10
931,KH64,10
933,KH64,10
934,KH8,10
958,KH8,10
960,KH8,10
961,KH8,10
963,KH64,10
965,KH64,10
966,KH65,10
967,KH64,10
968,KH64,10
969,KH8,10
970,KH65,10
973,KH65,10
974,KH64,10
975,KH65,10
993,KH8,10
995,KH64,10
998,KH8,10
1001,KH64,10
1004,KH64,10
1005,KH64,10
1006,KH96,10
1011,KH8,10
1013,KH65,10
1014,KH64,10
1015,KH64,10
1016,KH64,10
1017,KH64,10
1019,KH64,10
1021,KH64,10
1022,KH65,10
1023,KH64,10
1025,KH64,10
1028,KH64,10
1029,KH64,10
1030,KH64,10
1031,KH64,10
1032,KH8,10
1033,KH64,10
1034,KH64,10
1035,KH64,10
1036,KH8,10
1039,KH64,10
1040,KH64,10
1041,KH64,10
1045,KH64,10
1046,KH64,10
1047,KH65,10
1048,KH64,10
1050,KH64,10
1051,KH8,10
1053,KH64,10
1054,KH65,10
1056,KH8,10
1057,KH96,10
1059,KH75,10
1066,KH96,10
1069,KH96,10
1070,KH96,10
1074,KH61,10
1079,KH64,10
1080,KH65,10
1081,KH64,10
1082,KH8,10
1086,KH34,10
1087,KH34,10
1110,KH8,10
1122,KH8,10
1,KH18,11
2,KH18,11
3,KH18,11
4,KH18,11
5,KH18,11
6,KH18,11
7,KH18,11
8,KH138,11
9,KH18,11
11,KH151,11
13,KH138,11
14,KH138,11
16,KH50,11
17,KH50,11
21,KH138,11
22,KH138,11
24,KH18,11
25,KH18,11
30,KH18,11
31,KH18,11
33,KH138,11
35,KH138,11
36,KH138,11
37,KH18,11
40,KH138,11
41,KH138,11
43,KH18,11
44,KH138,11
45,KH151,11
46,KH18,11
47,KH50,11
48,KH138,11
50,KH138,11
51,KH138,11
52,KH138,11
54,KH138,11
55,KH138,11
56,KH138,11
57,KH138,11
58,KH138,11
59,KH138,11
60,KH138,11
66,KH18,11
67,KH50,11
70,KH50,11
73,KH50,11
76,KH151,11
80,KH151,11
82,KH138,11
83,KH138,11
85,KH138,11
87,KH7,11
88,KH138,11
94,KH138,11
95,KH18,11
108,KH138,11
109,KH138,11
122,KH138,11
126,KH18,11
127,KH138,11
129,KH138,11
135,KH18,11
139,KH18,11
141,KH167,11
145,KH18,11
147,KH18,11
148,KH18,11
154,KH18,11
158,KH18,11
160,KH18,11
162,KH138,11
164,KH18,11
166,KH18,11
168,KH18,11
171,KH138,11
175,KH18,11
179,KH18,11
181,KH18,11
183,KH18,11
185,KH18,11
189,KH18,11
191,KH18,11
194,KH18,11
198,KH151,11
209,KH151,11
210,KH7,11
218,KH151,11
231,KH18,11
235,KH18,11
288,KH151,11
325,KH167,11
327,KH77,11
333,KH77,11
336,KH77,11
338,KH77,11
340,KH77,11
342,KH77,11
345,KH167,11
349,KH151,11
350,KH50,11
353,KH167,11
354,KH167,11
355,KH35,11
359,KH167,11
365,KH50,11
393,KH151,11
399,KH166,11
402,KH167,11
404,KH166,11
410,KH166,11
416,KH167,11
422,KH148,11
436,KH148,11
446,KH151,11
462,KH148,11
490,KH50,11
491,KH151,11
492,KH151,11
497,KH151,11
499,KH77,11
501,KH77,11
503,KH35,11
504,KH50,11
506,KH50,11
510,KH77,11
512,KH166,11
517,KH138,11
521,KH151,11
529,KH148,11
533,KH167,11
538,KH167,11
539,KH151,11
542,KH77,11
545,KH77,11
546,KH167,11
547,KH77,11
553,KH77,11
554,KH77,11
556,KH167,11
557,KH167,11
558,KH7,11
561,KH7,11
568,KH7,11
571,KH77,11
581,KH148,11
594,KH77,11
596,KH7,11
598,KH77,11
601,KH151,11
602,KH7,11
606,KH166,11
607,KH167,11
608,KH35,11
609,KH77,11
610,KH77,11
611,KH167,11
612,KH167,11
613,KH77,11
617,KH148,11
618,KH77,11
620,KH77,11
628,KH167,11
633,KH77,11
635,KH148,11
636,KH148,11
637,KH77,11
638,KH77,11
642,KH7,11
643,KH77,11
644,KH77,11
651,KH167,11
652,KH77,11
653,KH77,11
654,KH77,11
655,KH77,11
657,KH77,11
658,KH77,11
661,KH77,11
663,KH77,11
664,KH77,11
666,KH77,11
667,KH77,11
668,KH77,11
670,KH77,11
671,KH167,11
672,KH77,11
673,KH77,11
675,KH77,11
677,KH77,11
680,KH77,11
681,KH77,11
682,KH77,11
684,KH77,11
685,KH77,11
686,KH167,11
687,KH77,11
688,KH77,11
689,KH167,11
691,KH77,11
692,KH77,11
693,KH77,11
694,KH77,11
695,KH77,11
696,KH77,11
697,KH77,11
699,KH167,11
702,KH77,11
703,KH77,11
705,KH77,11
707,KH77,11
708,KH77,11
711,KH77,11
712,KH77,11
713,KH77,11
714,KH77,11
715,KH77,11
716,KH77,11
717,KH77,11
719,KH77,11
720,KH77,11
721,KH77,11
723,KH77,11
724,KH77,11
725,KH77,11
726,KH77,11
728,KH77,11
730,KH77,11
732,KH77,11
733,KH167,11
734,KH77,11
735,KH77,11
736,KH77,11
738,KH77,11
739,KH77,11
741,KH77,11
743,KH77,11
744,KH77,11
745,KH77,11
746,KH77,11
747,KH77,11
748,KH77,11
749,KH77,11
750,KH77,11
751,KH77,11
761,KH50,11
767,KH151,11
771,KH166,11
772,KH119,11
773,KH119,11
774,KH119,11
781,KH151,11
803,KH151,11
815,KH151,11
822,KH151,11
824,KH50,11
830,KH151,11
838,KH151,11
844,KH151,11
847,KH151,11
850,KH50,11
852,KH151,11
855,KH50,11
856,KH50,11
867,KH151,11
869,KH151,11
903,KH148,11
906,KH151,11
910,KH166,11
916,KH151,11
917,KH35,11
918,KH35,11
919,KH35,11
924,KH166,11
927,KH35,11
930,KH7,11
936,KH166,11
948,KH7,11
952,KH151,11
954,KH50,11
960,KH166,11
968,KH35,11
969,KH151,11
971,KH148,11
972,KH151,11
979,KH35,11
982,KH35,11
983,KH35,11
985,KH35,11
988,KH151,11
989,KH35,11
993,KH7,11
1002,KH151,11
1006,KH148,11
1008,KH50,11
1042,KH166,11
1043,KH151,11
1044,KH151,11
1054,KH119,11
1058,KH7,11
1059,KH7,11
1061,KH151,11
1064,KH7,11
1067,KH166,11
1071,KH7,11
1073,KH18,11
1074,KH18,11
1085,KH77,11
1088,KH138,11
1090,KH151,11
1092,KH151,11
1096,KH50,11
1097,KH151,11
1099,KH151,11
1103,KH50,11
1105,KH151,11
1112,KH50,11
1117,KH50,11
1122,KH50,11
1125,KH151,11
7,KH108,12
9,KH108,12
17,KH168,12
18,KH168,12
19,KH108,12
22,KH93,12
24,KH108,12
25,KH108,12
26,KH108,12
27,KH108,12
28,KH108,12
29,KH108,12
33,KH97,12
37,KH108,12
38,KH108,12
39,KH108,12
40,KH93,12
42,KH108,12
44,KH93,12
46,KH108,12
47,KH168,12
48,KH93,12
49,KH108,12
51,KH97,12
52,KH93,12
53,KH108,12
58,KH97,12
59,KH5,12
61,KH108,12
62,KH108,12
63,KH108,12
64,KH108,12
66,KH108,12
69,KH108,12
73,KH168,12
74,KH168,12
76,KH168,12
77,KH168,12
84,KH108,12
90,KH108,12
91,KH108,12
92,KH108,12
99,KH108,12
100,KH108,12
106,KH93,12
107,KH108,12
108,KH108,12
114,KH108,12
115,KH108,12
116,KH108,12
117,KH108,12
118,KH108,12
119,KH108,12
120,KH108,12
121,KH108,12
122,KH108,12
123,KH108,12
124,KH108,12
125,KH108,12
129,KH93,12
131,KH5,12
133,KH111,12
135,KH108,12
139,KH108,12
144,KH108,12
145,KH108,12
147,KH108,12
148,KH108,12
150,KH108,12
152,KH108,12
154,KH108,12
156,KH108,12
160,KH108,12
161,KH108,12
166,KH108,12
175,KH108,12
176,KH168,12
179,KH108,12
181,KH108,12
183,KH108,12
184,KH108,12
185,KH108,12
187,KH95,12
188,KH108,12
194,KH108,12
196,KH93,12
197,KH108,12
214,KH111,12
220,KH5,12
223,KH5,12
226,KH111,12
228,KH111,12
242,KH111,12
247,KH111,12
251,KH5,12
252,KH168,12
254,KH111,12
255,KH111,12
257,KH111,12
258,KH111,12
262,KH111,12
264,KH95,12
269,KH95,12
280,KH95,12
290,KH95,12
291,KH95,12
292,KH95,12
294,KH95,12
295,KH95,12
301,KH111,12
313,KH111,12
344,KH5,12
347,KH5,12
349,KH139,12
350,KH139,12
351,KH146,12
374,KH111,12
383,KH111,12
384,KH111,12
391,KH168,12
396,KH179,12
400,KH5,12
406,KH146,12
407,KH71,12
411,KH139,12
412,KH146,12
413,KH146,12
416,KH111,12
421,KH179,12
422,KH5,12
425,KH168,12
426,KH179,12
432,KH5,12
433,KH95,12
434,KH5,12
436,KH146,12
437,KH179,12
438,KH146,12
443,KH5,12
444,KH5,12
447,KH5,12
451,KH139,12
464,KH71,12
467,KH111,12
468,KH146,12
469,KH146,12
470,KH179,12
471,KH146,12
472,KH146,12
473,KH146,12
474,KH146,12
475,KH146,12
476,KH146,12
477,KH146,12
479,KH146,12
481,KH139,12
483,KH146,12
493,KH179,12
496,KH146,12
499,KH179,12
500,KH179,12
501,KH146,12
508,KH168,12
512,KH5,12
513,KH168,12
514,KH168,12
517,KH168,12
518,KH95,12
519,KH108,12
520,KH108,12
524,KH139,12
528,KH168,12
535,KH5,12
536,KH139,12
550,KH5,12
552,KH139,12
553,KH70,12
554,KH5,12
558,KH5,12
559,KH5,12
567,KH70,12
571,KH5,12
573,KH108,12
576,KH5,12
577,KH5,12
579,KH111,12
592,KH139,12
593,KH5,12
595,KH5,12
600,KH70,12
605,KH5,12
606,KH5,12
611,KH5,12
627,KH5,12
629,KH5,12
633,KH5,12
641,KH95,12
645,KH5,12
652,KH71,12
653,KH71,12
656,KH70,12
659,KH71,12
660,KH71,12
663,KH70,12
665,KH71,12
669,KH71,12
670,KH70,12
671,KH70,12
673,KH71,12
674,KH70,12
677,KH71,12
683,KH71,12
684,KH71,12
685,KH71,12
688,KH71,12
690,KH70,12
691,KH70,12
694,KH71,12
695,KH70,12
696,KH70,12
697,KH70,12
698,KH70,12
701,KH70,12
706,KH71,12
709,KH71,12
710,KH70,12
715,KH70,12
718,KH71,12
719,KH70,12
724,KH71,12
726,KH70,12
727,KH71,12
729,KH71,12
731,KH70,12
733,KH70,12
735,KH71,12
736,KH71,12
739,KH70,12
745,KH71,12
747,KH71,12
748,KH70,12
749,KH70,12
752,KH168,12
758,KH93,12
759,KH95,12
761,KH168,12
764,KH168,12
766,KH139,12
768,KH5,12
769,KH139,12
771,KH139,12
775,KH111,12
779,KH97,12
783,KH95,12
785,KH97,12
786,KH168,12
788,KH168,12
790,KH168,12
794,KH93,12
797,KH168,12
802,KH168,12
804,KH168,12
806,KH168,12
807,KH97,12
808,KH168,12
812,KH97,12
818,KH168,12
819,KH168,12
822,KH5,12
828,KH93,12
829,KH93,12
837,KH93,12
852,KH168,12
858,KH97,12
871,KH168,12
876,KH97,12
877,KH97,12
878,KH93,12
880,KH93,12
881,KH93,12
882,KH5,12
885,KH139,12
890,KH139,12
894,KH139,12
895,KH5,12
912,KH95,12
916,KH5,12
917,KH139,12
918,KH139,12
920,KH5,12
926,KH139,12
929,KH139,12
932,KH5,12
938,KH5,12
941,KH139,12
945,KH5,12
946,KH139,12
947,KH139,12
948,KH5,12
950,KH139,12
955,KH5,12
958,KH5,12
967,KH95,12
972,KH5,12
974,KH95,12
981,KH5,12
990,KH5,12
992,KH139,12
993,KH5,12
994,KH5,12
996,KH5,12
998,KH5,12
1006,KH168,12
1009,KH168,12
1011,KH168,12
1013,KH139,12
1014,KH139,12
1016,KH95,12
1018,KH139,12
1019,KH95,12
1021,KH95,12
1022,KH95,12
1025,KH139,12
1030,KH95,12
1031,KH95,12
1032,KH5,12
1035,KH95,12
1040,KH5,12
1044,KH5,12
1045,KH139,12
1046,KH139,12
1050,KH95,12
1051,KH5,12
1055,KH5,12
1056,KH5,12
1058,KH5,12
1063,KH179,12
1065,KH139,12
1072,KH5,12
1075,KH168,12
1077,KH111,12
1078,KH111,12
1080,KH139,12
1084,KH70,12
1086,KH70,12
1088,KH93,12
1090,KH97,12
1092,KH97,12
1093,KH168,12
1099,KH139,12
1101,KH97,12
1102,KH108,12
1105,KH168,12
1107,KH93,12
1109,KH93,12
1111,KH168,12
1113,KH168,12
1114,KH168,12
1115,KH97,12
1118,KH168,12
1,KH84,13
2,KH84,13
3,KH84,13
4,KH84,13
5,KH84,13
6,KH84,13
7,KH37,13
9,KH37,13
10,KH83,13
11,KH87,13
12,KH87,13
15,KH81,13
16,KH81,13
17,KH81,13
18,KH81,13
19,KH84,13
20,KH83,13
23,KH83,13
24,KH37,13
25,KH37,13
26,KH84,13
27,KH84,13
28,KH84,13
29,KH84,13
30,KH37,13
31,KH37,13
32,KH84,13
34,KH84,13
37,KH37,13
38,KH84,13
39,KH83,13
42,KH84,13
43,KH37,13
46,KH37,13
47,KH81,13
49,KH84,13
53,KH84,13
61,KH82,13
62,KH82,13
63,KH84,13
64,KH84,13
65,KH87,13
66,KH37,13
67,KH83,13
68,KH83,13
69,KH84,13
70,KH83,13
71,KH83,13
72,KH83,13
73,KH81,13
74,KH81,13
75,KH83,13
76,KH83,13
77,KH81,13
78,KH83,13
79,KH83,13
80,KH83,13
81,KH84,13
84,KH84,13
87,KH84,13
89,KH82,13
90,KH84,13
91,KH84,13
92,KH84,13
93,KH81,13
95,KH37,13
96,KH84,13
97,KH82,13
98,KH84,13
99,KH84,13
100,KH84,13
101,KH84,13
102,KH84,13
103,KH84,13
104,KH84,13
105,KH84,13
106,KH83,13
107,KH84,13
108,KH83,13
110,KH84,13
111,KH83,13
112,KH84,13
113,KH84,13
114,KH84,13
115,KH84,13
116,KH84,13
117,KH84,13
118,KH84,13
119,KH84,13
120,KH84,13
121,KH84,13
122,KH83,13
123,KH84,13
124,KH82,13
125,KH81,13
128,KH84,13
130,KH84,13
131,KH87,13
132,KH87,13
133,KH87,13
134,KH83,13
135,KH37,13
136,KH90,13
138,KH84,13
139,KH37,13
140,KH86,13
142,KH86,13
143,KH87,13
144,KH84,13
145,KH37,13
146,KH87,13
147,KH37,13
148,KH37,13
150,KH87,13
151,KH83,13
152,KH87,13
153,KH84,13
154,KH37,13
155,KH86,13
156,KH84,13
158,KH37,13
160,KH37,13
161,KH82,13
163,KH87,13
164,KH37,13
165,KH82,13
166,KH37,13
167,KH87,13
168,KH37,13
169,KH83,13
170,KH84,13
172,KH140,13
173,KH86,13
174,KH81,13
175,KH37,13
176,KH83,13
177,KH87,13
178,KH86,13
179,KH37,13
180,KH84,13
181,KH37,13
182,KH140,13
183,KH37,13
185,KH37,13
186,KH83,13
187,KH87,13
188,KH84,13
189,KH37,13
191,KH37,13
192,KH90,13
193,KH83,13
194,KH37,13
195,KH140,13
196,KH83,13
197,KH84,13
198,KH87,13
199,KH87,13
200,KH87,13
201,KH87,13
202,KH87,13
203,KH87,13
204,KH87,13
205,KH87,13
206,KH90,13
207,KH86,13
208,KH86,13
209,KH86,13
210,KH86,13
211,KH90,13
212,KH87,13
214,KH90,13
216,KH81,13
217,KH83,13
218,KH86,13
219,KH86,13
221,KH86,13
222,KH87,13
223,KH140,13
224,KH86,13
226,KH86,13
227,KH90,13
228,KH84,13
229,KH84,13
230,KH84,13
231,KH84,13
232,KH84,13
233,KH84,13
234,KH84,13
235,KH84,13
236,KH84,13
237,KH84,13
238,KH84,13
240,KH84,13
241,KH84,13
242,KH83,13
243,KH86,13
244,KH86,13
245,KH81,13
246,KH86,13
247,KH86,13
248,KH87,13
249,KH87,13
250,KH87,13
251,KH83,13
252,KH86,13
253,KH86,13
254,KH87,13
255,KH83,13
257,KH86,13
258,KH87,13
259,KH87,13
260,KH87,13
261,KH87,13
262,KH87,13
263,KH140,13
264,KH140,13
265,KH140,13
267,KH140,13
268,KH140,13
269,KH140,13
270,KH140,13
271,KH140,13
272,KH140,13
273,KH140,13
274,KH140,13
275,KH140,13
276,KH140,13
277,KH140,13
278,KH140,13
279,KH140,13
280,KH140,13
281,KH140,13
282,KH140,13
283,KH140,13
285,KH140,13
286,KH140,13
287,KH140,13
288,KH140,13
289,KH140,13
290,KH140,13
291,KH140,13
292,KH140,13
293,KH140,13
294,KH140,13
295,KH140,13
296,KH140,13
297,KH140,13
298,KH140,13
299,KH140,13
300,KH87,13
301,KH87,13
302,KH87,13
303,KH87,13
304,KH87,13
305,KH87,13
306,KH87,13
307,KH87,13
308,KH87,13
309,KH87,13
310,KH87,13
312,KH87,13
313,KH87,13
314,KH87,13
315,KH83,13
316,KH87,13
317,KH87,13
318,KH87,13
320,KH87,13
321,KH87,13
322,KH86,13
324,KH86,13
325,KH69,13
326,KH69,13
327,KH69,13
328,KH69,13
329,KH69,13
330,KH69,13
331,KH69,13
334,KH69,13
335,KH69,13
337,KH69,13
338,KH69,13
339,KH69,13
340,KH69,13
341,KH69,13
342,KH69,13
345,KH69,13
346,KH69,13
347,KH69,13
348,KH90,13
349,KH90,13
350,KH86,13
357,KH81,13
358,KH86,13
359,KH90,13
360,KH86,13
361,KH86,13
362,KH83,13
363,KH87,13
364,KH90,13
365,KH81,13
366,KH87,13
368,KH86,13
369,KH87,13
370,KH86,13
371,KH82,13
373,KH87,13
374,KH86,13
375,KH87,13
376,KH81,13
377,KH87,13
378,KH87,13
379,KH86,13
380,KH86,13
382,KH86,13
384,KH86,13
385,KH86,13
388,KH81,13
389,KH81,13
390,KH86,13
391,KH81,13
392,KH86,13
393,KH86,13
394,KH81,13
395,KH86,13
396,KH90,13
398,KH90,13
399,KH90,13
400,KH87,13
401,KH90,13
403,KH90,13
404,KH86,13
405,KH90,13
407,KH90,13
408,KH86,13
410,KH90,13
413,KH86,13
414,KH86,13
415,KH86,13
420,KH90,13
421,KH90,13
424,KH86,13
426,KH86,13
427,KH86,13
428,KH86,13
429,KH87,13
430,KH140,13
431,KH83,13
433,KH86,13
434,KH87,13
435,KH86,13
436,KH87,13
439,KH82,13
440,KH87,13
441,KH83,13
442,KH87,13
443,KH87,13
444,KH86,13
445,KH87,13
446,KH87,13
447,KH87,13
448,KH87,13
449,KH86,13
450,KH87,13
451,KH81,13
452,KH140,13
453,KH81,13
454,KH86,13
455,KH86,13
456,KH87,13
457,KH86,13
458,KH86,13
459,KH90,13
460,KH90,13
461,KH90,13
462,KH90,13
463,KH90,13
464,KH90,13
465,KH90,13
466,KH90,13
467,KH90,13
468,KH86,13
469,KH86,13
473,KH90,13
475,KH87,13
476,KH86,13
477,KH86,13
480,KH86,13
482,KH86,13
483,KH86,13
485,KH81,13
486,KH86,13
488,KH90,13
489,KH86,13
490,KH86,13
491,KH86,13
492,KH90,13
494,KH86,13
495,KH86,13
496,KH86,13
505,KH81,13
506,KH86,13
507,KH81,13
508,KH86,13
509,KH84,13
511,KH86,13
513,KH86,13
516,KH87,13
518,KH140,13
520,KH86,13
522,KH83,13
523,KH90,13
524,KH86,13
525,KH90,13
527,KH90,13
528,KH90,13
531,KH87,13
533,KH87,13
534,KH90,13
535,KH90,13
537,KH90,13
538,KH86,13
539,KH86,13
540,KH86,13
541,KH87,13
548,KH90,13
551,KH87,13
552,KH90,13
555,KH87,13
557,KH90,13
558,KH86,13
559,KH90,13
560,KH90,13
561,KH90,13
562,KH90,13
563,KH90,13
564,KH90,13
566,KH90,13
567,KH90,13
568,KH90,13
569,KH90,13
570,KH90,13
572,KH90,13
573,KH162,13
575,KH90,13
578,KH90,13
579,KH87,13
581,KH90,13
582,KH90,13
583,KH90,13
584,KH90,13
585,KH90,13
586,KH90,13
587,KH90,13
588,KH90,13
589,KH90,13
590,KH90,13
596,KH86,13
597,KH90,13
599,KH90,13
600,KH90,13
601,KH87,13
602,KH90,13
603,KH90,13
611,KH87,13
612,KH90,13
614,KH90,13
615,KH87,13
616,KH90,13
619,KH90,13
622,KH90,13
623,KH90,13
624,KH90,13
625,KH90,13
626,KH90,13
627,KH90,13
628,KH90,13
629,KH90,13
630,KH90,13
631,KH90,13
632,KH90,13
634,KH90,13
636,KH90,13
639,KH90,13
640,KH90,13
641,KH87,13
642,KH90,13
645,KH90,13
646,KH86,13
647,KH87,13
648,KH87,13
649,KH87,13
657,KH90,13
671,KH90,13
679,KH87,13
710,KH90,13
733,KH90,13
752,KH83,13
753,KH83,13
754,KH83,13
755,KH83,13
756,KH83,13
757,KH83,13
758,KH83,13
759,KH83,13
760,KH83,13
761,KH81,13
762,KH86,13
763,KH83,13
766,KH87,13
767,KH86,13
769,KH81,13
771,KH86,13
772,KH83,13
773,KH87,13
774,KH83,13
776,KH81,13
777,KH83,13
778,KH83,13
779,KH83,13
780,KH83,13
781,KH83,13
782,KH83,13
783,KH87,13
784,KH86,13
785,KH81,13
786,KH83,13
787,KH83,13
788,KH83,13
789,KH83,13
790,KH83,13
791,KH81,13
792,KH81,13
793,KH83,13
794,KH87,13
795,KH83,13
796,KH83,13
797,KH81,13
798,KH87,13
799,KH81,13
800,KH87,13
801,KH83,13
802,KH83,13
803,KH87,13
804,KH81,13
805,KH83,13
806,KH83,13
807,KH87,13
808,KH87,13
809,KH87,13
810,KH83,13
811,KH83,13
812,KH87,13
813,KH83,13
814,KH87,13
815,KH83,13
816,KH83,13
817,KH87,13
818,KH83,13
819,KH83,13
820,KH83,13
821,KH81,13
822,KH83,13
823,KH83,13
824,KH81,13
825,KH83,13
826,KH81,13
827,KH87,13
828,KH83,13
829,KH87,13
830,KH83,13
831,KH81,13
832,KH83,13
833,KH83,13
834,KH83,13
835,KH83,13
836,KH83,13
837,KH83,13
838,KH83,13
839,KH81,13
840,KH83,13
841,KH83,13
842,KH83,13
843,KH83,13
844,KH83,13
845,KH83,13
846,KH83,13
847,KH83,13
848,KH81,13
849,KH83,13
850,KH81,13
851,KH81,13
852,KH83,13
853,KH81,13
854,KH81,13
855,KH81,13
856,KH83,13
857,KH81,13
858,KH83,13
859,KH83,13
860,KH83,13
861,KH81,13
862,KH83,13
863,KH83,13
864,KH83,13
865,KH83,13
866,KH83,13
867,KH83,13
868,KH83,13
869,KH83,13
870,KH83,13
871,KH83,13
872,KH83,13
873,KH83,13
874,KH83,13
875,KH83,13
876,KH83,13
877,KH83,13
878,KH83,13
879,KH83,13
880,KH83,13
881,KH83,13
882,KH87,13
883,KH87,13
884,KH83,13
885,KH81,13
886,KH87,13
887,KH87,13
888,KH86,13
889,KH90,13
890,KH87,13
891,KH87,13
892,KH83,13
893,KH90,13
894,KH87,13
895,KH83,13
896,KH86,13
897,KH87,13
898,KH87,13
899,KH87,13
900,KH87,13
901,KH87,13
902,KH87,13
903,KH90,13
904,KH87,13
905,KH87,13
906,KH83,13
907,KH90,13
908,KH87,13
909,KH87,13
910,KH86,13
911,KH90,13
912,KH87,13
913,KH87,13
914,KH83,13
915,KH87,13
916,KH87,13
917,KH87,13
918,KH83,13
919,KH87,13
920,KH87,13
921,KH86,13
922,KH90,13
923,KH87,13
924,KH86,13
925,KH86,13
926,KH86,13
927,KH81,13
928,KH86,13
929,KH86,13
930,KH86,13
931,KH87,13
932,KH86,13
933,KH86,13
934,KH86,13
935,KH90,13
936,KH86,13
937,KH86,13
939,KH86,13
941,KH86,13
942,KH86,13
943,KH86,13
944,KH86,13
946,KH86,13
947,KH86,13
956,KH87,13
957,KH86,13
958,KH86,13
959,KH86,13
960,KH86,13
963,KH87,13
964,KH87,13
965,KH87,13
966,KH87,13
967,KH87,13
968,KH87,13
969,KH87,13
970,KH87,13
971,KH87,13
972,KH87,13
973,KH87,13
974,KH90,13
975,KH90,13
976,KH86,13
977,KH86,13
978,KH86,13
979,KH87,13
980,KH86,13
981,KH86,13
982,KH86,13
983,KH86,13
984,KH81,13
985,KH86,13
986,KH86,13
987,KH81,13
988,KH90,13
989,KH90,13
990,KH87,13
991,KH90,13
993,KH86,13
995,KH87,13
1000,KH86,13
1001,KH87,13
1002,KH86,13
1003,KH87,13
1004,KH87,13
1005,KH87,13
1006,KH90,13
1007,KH86,13
1008,KH86,13
1009,KH86,13
1010,KH87,13
1011,KH81,13
1012,KH87,13
1013,KH87,13
1014,KH87,13
1015,KH87,13
1016,KH87,13
1017,KH87,13
1018,KH83,13
1019,KH87,13
1020,KH87,13
1021,KH87,13
1022,KH87,13
1023,KH87,13
1024,KH87,13
1025,KH81,13
1026,KH86,13
1027,KH87,13
1028,KH81,13
1029,KH87,13
1030,KH87,13
1031,KH87,13
1032,KH81,13
1033,KH87,13
1034,KH83,13
1035,KH87,13
1036,KH81,13
1037,KH87,13
1038,KH87,13
1039,KH86,13
1040,KH87,13
1041,KH90,13
1042,KH90,13
1043,KH86,13
1044,KH86,13
1045,KH87,13
1046,KH90,13
1047,KH87,13
1048,KH87,13
1049,KH81,13
1050,KH87,13
1052,KH83,13
1053,KH87,13
1054,KH83,13
1055,KH81,13
1057,KH90,13
1058,KH90,13
1060,KH90,13
1062,KH90,13
1063,KH90,13
1069,KH87,13
1070,KH90,13
1073,KH84,13
1075,KH83,13
1077,KH90,13
1078,KH90,13
1079,KH87,13
1080,KH87,13
1081,KH86,13
1082,KH86,13
1083,KH90,13
1089,KH83,13
1090,KH83,13
1091,KH83,13
1092,KH83,13
1093,KH83,13
1094,KH83,13
1095,KH83,13
1096,KH81,13
1097,KH83,13
1098,KH83,13
1099,KH83,13
1100,KH83,13
1101,KH83,13
1102,KH82,13
1103,KH81,13
1104,KH83,13
1105,KH83,13
1106,KH83,13
1107,KH83,13
1108,KH83,13
1109,KH83,13
1110,KH81,13
1111,KH81,13
1112,KH83,13
1113,KH81,13
1114,KH81,13
1115,KH83,13
1116,KH83,13
1117,KH81,13
1118,KH81,13
1119,KH81,13
1120,KH81,13
1121,KH81,13
1122,KH81,13
1123,KH81,13
1124,KH83,13
1125,KH83,13
1,KH135,14
2,KH135,14
3,KH135,14
4,KH135,14
5,KH135,14
6,KH135,14
7,KH135,14
9,KH135,14
15,KH154,14
18,KH154,14
24,KH135,14
25,KH135,14
30,KH135,14
31,KH135,14
32,KH21,14
37,KH135,14
46,KH135,14
50,KH11,14
55,KH11,14
60,KH11,14
66,KH135,14
68,KH153,14
70,KH154,14
72,KH153,14
74,KH154,14
75,KH154,14
76,KH153,14
77,KH154,14
82,KH153,14
87,KH21,14
88,KH153,14
95,KH135,14
109,KH11,14
112,KH21,14
126,KH135,14
135,KH135,14
139,KH135,14
140,KH11,14
142,KH154,14
144,KH21,14
145,KH135,14
148,KH135,14
149,KH135,14
154,KH135,14
158,KH135,14
160,KH135,14
164,KH135,14
166,KH135,14
168,KH135,14
172,KH132,14
173,KH154,14
174,KH154,14
175,KH135,14
177,KH103,14
179,KH135,14
181,KH135,14
183,KH135,14
184,KH90,14
185,KH135,14
186,KH21,14
188,KH21,14
189,KH135,14
191,KH135,14
194,KH135,14
210,KH11,14
211,KH11,14
215,KH103,14
217,KH11,14
221,KH154,14
222,KH90,14
226,KH11,14
232,KH103,14
234,KH103,14
235,KH103,14
239,KH103,14
243,KH103,14
246,KH103,14
247,KH11,14
251,KH103,14
260,KH103,14
261,KH103,14
267,KH132,14
287,KH11,14
298,KH11,14
311,KH103,14
322,KH103,14
323,KH103,14
325,KH132,14
326,KH132,14
327,KH132,14
328,KH90,14
329,KH132,14
330,KH132,14
331,KH132,14
332,KH132,14
333,KH132,14
334,KH132,14
336,KH132,14
337,KH132,14
338,KH132,14
339,KH132,14
340,KH132,14
341,KH132,14
342,KH132,14
343,KH132,14
344,KH90,14
345,KH132,14
346,KH132,14
347,KH132,14
350,KH154,14
351,KH11,14
353,KH103,14
357,KH154,14
361,KH11,14
367,KH11,14
371,KH103,14
372,KH103,14
374,KH11,14
378,KH103,14
379,KH103,14
380,KH103,14
382,KH11,14
385,KH11,14
390,KH153,14
394,KH11,14
402,KH103,14
403,KH133,14
406,KH11,14
408,KH103,14
413,KH11,14
421,KH133,14
423,KH132,14
427,KH153,14
428,KH11,14
433,KH11,14
439,KH103,14
442,KH11,14
445,KH11,14
446,KH153,14
449,KH153,14
451,KH11,14
455,KH103,14
461,KH153,14
463,KH11,14
470,KH11,14
474,KH11,14
476,KH11,14
481,KH11,14
496,KH11,14
497,KH153,14
501,KH133,14
503,KH103,14
504,KH11,14
507,KH11,14
509,KH21,14
510,KH133,14
513,KH153,14
523,KH11,14
528,KH11,14
529,KH133,14
531,KH103,14
538,KH11,14
542,KH133,14
544,KH133,14
545,KH133,14
551,KH133,14
553,KH133,14
555,KH133,14
556,KH11,14
560,KH11,14
563,KH133,14
566,KH133,14
569,KH133,14
586,KH11,14
588,KH11,14
602,KH11,14
606,KH11,14
609,KH133,14
613,KH133,14
617,KH11,14
619,KH133,14
620,KH133,14
621,KH11,14
622,KH133,14
623,KH11,14
627,KH133,14
630,KH133,14
637,KH133,14
638,KH133,14
641,KH11,14
643,KH133,14
650,KH133,14
655,KH133,14
657,KH133,14
661,KH133,14
662,KH133,14
663,KH133,14
664,KH133,14
666,KH133,14
667,KH133,14
677,KH133,14
679,KH133,14
680,KH133,14
697,KH133,14
701,KH133,14
702,KH133,14
703,KH133,14
704,KH133,14
705,KH133,14
706,KH133,14
707,KH133,14
708,KH133,14
709,KH133,14
712,KH133,14
713,KH133,14
714,KH133,14
715,KH133,14
716,KH133,14
717,KH133,14
718,KH133,14
719,KH133,14
720,KH133,14
721,KH133,14
723,KH133,14
724,KH133,14
725,KH133,14
726,KH133,14
727,KH133,14
728,KH133,14
729,KH133,14
730,KH133,14
731,KH133,14
732,KH133,14
734,KH133,14
740,KH133,14
741,KH133,14
745,KH133,14
746,KH133,14
748,KH133,14
749,KH133,14
750,KH133,14
751,KH133,14
763,KH11,14
765,KH11,14
767,KH11,14
775,KH11,14
777,KH153,14
784,KH11,14
797,KH153,14
802,KH153,14
803,KH153,14
806,KH153,14
817,KH153,14
842,KH153,14
843,KH153,14
844,KH153,14
845,KH153,14
846,KH153,14
847,KH153,14
849,KH153,14
860,KH153,14
861,KH154,14
865,KH153,14
884,KH11,14
890,KH11,14
894,KH11,14
895,KH11,14
898,KH11,14
899,KH11,14
913,KH11,14
921,KH11,14
923,KH11,14
925,KH11,14
933,KH11,14
938,KH11,14
949,KH11,14
955,KH11,14
956,KH11,14
957,KH11,14
971,KH11,14
973,KH11,14
975,KH11,14
979,KH11,14
986,KH11,14
987,KH11,14
988,KH133,14
990,KH11,14
994,KH11,14
995,KH11,14
996,KH11,14
999,KH11,14
1001,KH153,14
1008,KH11,14
1010,KH11,14
1011,KH154,14
1017,KH11,14
1023,KH11,14
1026,KH11,14
1027,KH153,14
1029,KH11,14
1034,KH11,14
1036,KH11,14
1037,KH11,14
1038,KH11,14
1044,KH11,14
1049,KH11,14
1055,KH153,14
1062,KH153,14
1063,KH153,14
1064,KH11,14
1067,KH11,14
1073,KH135,14
1074,KH135,14
1084,KH133,14
1085,KH133,14
1087,KH133,14
1100,KH153,14
1110,KH154,14
1118,KH154,14
1119,KH154,14
1120,KH154,14
1121,KH154,14
1122,KH154,14
1,KH107,15
2,KH107,15
3,KH107,15
4,KH107,15
5,KH107,15
6,KH107,15
8,KH92,15
10,KH1,15
13,KH54,15
14,KH54,15
21,KH92,15
22,KH54,15
30,KH109,15
34,KH160,15
35,KH160,15
37,KH160,15
38,KH160,15
39,KH160,15
42,KH160,15
45,KH92,15
49,KH160,15
51,KH54,15
52,KH54,15
53,KH160,15
54,KH92,15
56,KH54,15
57,KH54,15
61,KH160,15
63,KH160,15
73,KH1,15
89,KH109,15
91,KH160,15
92,KH160,15
93,KH92,15
96,KH109,15
97,KH109,15
98,KH109,15
104,KH109,15
105,KH109,15
106,KH3,15
108,KH54,15
110,KH109,15
111,KH109,15
113,KH160,15
121,KH160,15
122,KH54,15
126,KH109,15
127,KH54,15
130,KH109,15
134,KH109,15
139,KH160,15
142,KH1,15
145,KH160,15
146,KH109,15
147,KH160,15
149,KH109,15
150,KH160,15
153,KH109,15
154,KH160,15
155,KH170,15
156,KH160,15
160,KH160,15
163,KH109,15
164,KH109,15
165,KH109,15
166,KH160,15
168,KH109,15
169,KH92,15
170,KH109,15
171,KH92,15
175,KH160,15
176,KH92,15
177,KH3,15
179,KH160,15
180,KH109,15
183,KH160,15
184,KH160,15
191,KH109,15
192,KH3,15
197,KH160,15
199,KH3,15
203,KH3,15
209,KH170,15
215,KH3,15
219,KH178,15
225,KH188,15
227,KH188,15
229,KH188,15
231,KH188,15
232,KH113,15
234,KH113,15
236,KH113,15
242,KH113,15
243,KH113,15
244,KH188,15
245,KH1,15
246,KH113,15
249,KH113,15
254,KH113,15
256,KH188,15
260,KH113,15
263,KH3,15
265,KH4,15
270,KH4,15
271,KH3,15
272,KH4,15
277,KH3,15
278,KH3,15
282,KH3,15
286,KH3,15
296,KH3,15
297,KH3,15
300,KH188,15
302,KH188,15
304,KH3,15
307,KH113,15
308,KH188,15
311,KH113,15
312,KH113,15
314,KH113,15
315,KH188,15
317,KH113,15
318,KH188,15
319,KH1,15
320,KH113,15
321,KH113,15
322,KH113,15
335,KH3,15
339,KH3,15
343,KH4,15
351,KH3,15
352,KH188,15
355,KH3,15
358,KH170,15
363,KH3,15
368,KH3,15
369,KH188,15
371,KH113,15
372,KH113,15
373,KH113,15
375,KH188,15
379,KH113,15
380,KH113,15
382,KH188,15
388,KH170,15
390,KH170,15
392,KH170,15
395,KH170,15
400,KH178,15
401,KH4,15
402,KH113,15
403,KH4,15
409,KH188,15
414,KH1,15
420,KH188,15
422,KH170,15
427,KH170,15
429,KH3,15
430,KH3,15
432,KH1,15
434,KH3,15
439,KH188,15
442,KH178,15
443,KH178,15
444,KH3,15
445,KH178,15
453,KH178,15
456,KH170,15
457,KH170,15
459,KH3,15
465,KH188,15
468,KH170,15
470,KH3,15
474,KH170,15
475,KH109,15
482,KH178,15
484,KH178,15
492,KH4,15
495,KH178,15
502,KH3,15
505,KH1,15
507,KH1,15
509,KH3,15
514,KH1,15
517,KH54,15
519,KH1,15
520,KH160,15
525,KH4,15
526,KH4,15
531,KH113,15
532,KH3,15
543,KH4,15
549,KH3,15
555,KH4,15
556,KH188,15
560,KH3,15
564,KH3,15
568,KH3,15
570,KH4,15
572,KH4,15
574,KH4,15
576,KH4,15
577,KH4,15
578,KH4,15
581,KH3,15
583,KH3,15
604,KH3,15
606,KH3,15
609,KH3,15
616,KH4,15
617,KH4,15
626,KH4,15
627,KH4,15
640,KH4,15
641,KH4,15
645,KH4,15
649,KH3,15
654,KH4,15
658,KH4,15
666,KH4,15
670,KH4,15
672,KH4,15
675,KH4,15
676,KH4,15
678,KH4,15
679,KH3,15
689,KH3,15
692,KH4,15
694,KH4,15
716,KH4,15
735,KH4,15
739,KH4,15
748,KH4,15
753,KH92,15
754,KH3,15
757,KH92,15
760,KH3,15
765,KH1,15
767,KH1,15
771,KH1,15
778,KH3,15
780,KH3,15
784,KH3,15
787,KH92,15
788,KH1,15
789,KH3,15
792,KH92,15
799,KH92,15
810,KH92,15
811,KH3,15
813,KH3,15
816,KH92,15
819,KH1,15
820,KH92,15
835,KH3,15
841,KH3,15
854,KH3,15
855,KH1,15
859,KH3,15
862,KH92,15
864,KH1,15
866,KH3,15
868,KH1,15
872,KH3,15
882,KH170,15
888,KH3,15
899,KH3,15
902,KH3,15
904,KH3,15
907,KH3,15
908,KH3,15
909,KH3,15
911,KH3,15
917,KH3,15
920,KH3,15
922,KH3,15
925,KH3,15
930,KH3,15
934,KH1,15
935,KH3,15
937,KH3,15
942,KH170,15
943,KH3,15
944,KH1,15
948,KH3,15
949,KH3,15
955,KH3,15
958,KH1,15
959,KH170,15
961,KH3,15
967,KH3,15
969,KH3,15
976,KH170,15
978,KH1,15
981,KH3,15
991,KH3,15
998,KH3,15
999,KH170,15
1002,KH170,15
1003,KH3,15
1008,KH1,15
1015,KH3,15
1020,KH170,15
1027,KH3,15
1034,KH170,15
1048,KH3,15
1053,KH3,15
1060,KH3,15
1076,KH178,15
1079,KH109,15
1088,KH54,15
1094,KH3,15
1104,KH92,15
1108,KH92,15
1123,KH92,15
1124,KH3,15
1,KH115,16
2,KH115,16
3,KH115,16
4,KH115,16
5,KH115,16
6,KH115,16
10,KH52,16
12,KH102,16
15,KH52,16
18,KH52,16
19,KH102,16
20,KH52,16
23,KH52,16
29,KH102,16
62,KH52,16
68,KH52,16
69,KH102,16
72,KH52,16
78,KH52,16
79,KH52,16
80,KH52,16
84,KH102,16
99,KH102,16
100,KH102,16
111,KH52,16
114,KH102,16
115,KH102,16
116,KH102,16
117,KH102,16
118,KH102,16
119,KH102,16
120,KH102,16
122,KH102,16
124,KH102,16
125,KH52,16
127,KH102,16
128,KH102,16
132,KH73,16
149,KH52,16
151,KH52,16
152,KH102,16
159,KH94,16
167,KH94,16
178,KH55,16
182,KH78,16
185,KH102,16
186,KH52,16
193,KH52,16
208,KH130,16
213,KH130,16
215,KH164,16
225,KH163,16
228,KH164,16
231,KH163,16
232,KH164,16
234,KH164,16
242,KH164,16
246,KH164,16
247,KH164,16
249,KH164,16
251,KH164,16
254,KH164,16
257,KH164,16
258,KH164,16
260,KH164,16
262,KH164,16
266,KH73,16
276,KH94,16
284,KH73,16
291,KH73,16
294,KH73,16
297,KH73,16
299,KH94,16
307,KH164,16
308,KH163,16
310,KH163,16
311,KH164,16
312,KH163,16
313,KH164,16
317,KH163,16
319,KH55,16
321,KH163,16
322,KH164,16
323,KH164,16
324,KH163,16
327,KH78,16
330,KH78,16
333,KH78,16
336,KH78,16
338,KH78,16
340,KH78,16
341,KH78,16
342,KH78,16
346,KH78,16
356,KH149,16
368,KH130,16
369,KH164,16
372,KH164,16
373,KH163,16
376,KH163,16
379,KH164,16
382,KH164,16
387,KH163,16
399,KH55,16
402,KH164,16
408,KH55,16
411,KH73,16
412,KH130,16
417,KH130,16
420,KH163,16
432,KH94,16
435,KH149,16
437,KH149,16
438,KH55,16
440,KH52,16
443,KH55,16
446,KH55,16
457,KH130,16
465,KH163,16
466,KH55,16
469,KH130,16
470,KH130,16
471,KH130,16
472,KH130,16
477,KH130,16
479,KH130,16
481,KH130,16
482,KH130,16
484,KH130,16
492,KH55,16
495,KH130,16
499,KH78,16
501,KH78,16
505,KH52,16
510,KH78,16
526,KH78,16
529,KH78,16
530,KH78,16
531,KH164,16
532,KH78,16
540,KH130,16
542,KH78,16
543,KH78,16
547,KH78,16
550,KH130,16
554,KH78,16
561,KH55,16
565,KH78,16
571,KH78,16
573,KH102,16
574,KH78,16
582,KH149,16
589,KH149,16
591,KH78,16
594,KH78,16
598,KH78,16
603,KH73,16
608,KH130,16
609,KH78,16
610,KH78,16
613,KH78,16
616,KH149,16
618,KH78,16
620,KH78,16
623,KH55,16
630,KH149,16
633,KH78,16
637,KH78,16
638,KH78,16
643,KH78,16
644,KH78,16
646,KH130,16
650,KH78,16
651,KH78,16
652,KH78,16
653,KH78,16
654,KH78,16
655,KH78,16
656,KH78,16
658,KH78,16
660,KH78,16
661,KH78,16
662,KH78,16
663,KH78,16
664,KH78,16
665,KH78,16
666,KH78,16
667,KH78,16
668,KH78,16
669,KH78,16
672,KH78,16
673,KH78,16
675,KH78,16
677,KH78,16
680,KH78,16
681,KH78,16
682,KH78,16
684,KH78,16
685,KH78,16
687,KH78,16
688,KH78,16
691,KH78,16
692,KH78,16
693,KH78,16
695,KH78,16
696,KH78,16
697,KH78,16
702,KH78,16
703,KH78,16
704,KH78,16
705,KH78,16
707,KH78,16
709,KH78,16
711,KH78,16
712,KH78,16
713,KH78,16
715,KH78,16
716,KH78,16
717,KH78,16
719,KH78,16
720,KH78,16
721,KH78,16
722,KH78,16
723,KH78,16
724,KH78,16
725,KH78,16
726,KH78,16
728,KH78,16
730,KH78,16
732,KH78,16
734,KH78,16
737,KH78,16
738,KH78,16
739,KH78,16
740,KH78,16
741,KH78,16
742,KH78,16
743,KH78,16
744,KH78,16
745,KH78,16
746,KH78,16
747,KH78,16
748,KH78,16
749,KH78,16
751,KH78,16
752,KH52,16
753,KH52,16
754,KH52,16
756,KH52,16
757,KH52,16
764,KH55,16
768,KH55,16
771,KH55,16
775,KH164,16
776,KH52,16
782,KH52,16
787,KH52,16
788,KH52,16
789,KH52,16
790,KH52,16
793,KH52,16
794,KH52,16
795,KH52,16
796,KH52,16
799,KH52,16
801,KH52,16
802,KH52,16
806,KH52,16
810,KH52,16
813,KH52,16
814,KH52,16
815,KH52,16
816,KH52,16
817,KH52,16
819,KH52,16
820,KH52,16
822,KH52,16
825,KH52,16
828,KH52,16
833,KH52,16
834,KH52,16
836,KH52,16
837,KH52,16
838,KH52,16
840,KH52,16
842,KH52,16
845,KH52,16
846,KH52,16
849,KH52,16
859,KH52,16
860,KH52,16
861,KH52,16
862,KH52,16
864,KH52,16
865,KH52,16
866,KH52,16
867,KH52,16
869,KH52,16
876,KH52,16
884,KH73,16
899,KH73,16
901,KH73,16
911,KH73,16
913,KH55,16
922,KH94,16
925,KH130,16
930,KH130,16
942,KH130,16
943,KH130,16
947,KH55,16
955,KH55,16
958,KH55,16
962,KH55,16
966,KH55,16
970,KH73,16
971,KH55,16
974,KH73,16
982,KH130,16
998,KH55,16
1004,KH94,16
1007,KH130,16
1008,KH130,16
1013,KH55,16
1016,KH73,16
1018,KH94,16
1019,KH73,16
1021,KH73,16
1023,KH55,16
1026,KH55,16
1030,KH73,16
1039,KH55,16
1041,KH73,16
1044,KH130,16
1047,KH73,16
1051,KH55,16
1064,KH55,16
1067,KH55,16
1072,KH130,16
1074,KH106,16
1076,KH55,16
1085,KH78,16
1087,KH78,16
1090,KH52,16
1092,KH52,16
1093,KH52,16
1094,KH52,16
1095,KH52,16
1097,KH52,16
1098,KH52,16
1100,KH52,16
1101,KH52,16
1105,KH52,16
1107,KH52,16
1109,KH52,16
1124,KH52,16
8,KH22,17
10,KH20,17
11,KH20,17
12,KH20,17
13,KH22,17
14,KH22,17
15,KH19,17
16,KH19,17
17,KH19,17
18,KH20,17
19,KH20,17
20,KH20,17
21,KH22,17
22,KH22,17
23,KH20,17
26,KH20,17
27,KH20,17
28,KH20,17
29,KH20,17
33,KH22,17
34,KH20,17
35,KH22,17
36,KH22,17
38,KH20,17
39,KH20,17
40,KH22,17
41,KH22,17
42,KH20,17
44,KH22,17
45,KH20,17
47,KH20,17
48,KH22,17
49,KH20,17
50,KH22,17
51,KH22,17
52,KH22,17
53,KH20,17
54,KH22,17
55,KH22,17
56,KH22,17
57,KH22,17
58,KH22,17
59,KH22,17
60,KH22,17
61,KH20,17
62,KH20,17
63,KH20,17
64,KH20,17
65,KH24,17
67,KH20,17
68,KH20,17
69,KH20,17
70,KH20,17
71,KH20,17
72,KH20,17
73,KH19,17
74,KH19,17
75,KH19,17
76,KH20,17
77,KH19,17
78,KH20,17
79,KH20,17
80,KH20,17
81,KH20,17
82,KH20,17
83,KH22,17
84,KH20,17
85,KH22,17
86,KH20,17
88,KH22,17
89,KH20,17
90,KH20,17
91,KH20,17
92,KH20,17
93,KH19,17
94,KH22,17
95,KH114,17
96,KH20,17
97,KH19,17
98,KH20,17
99,KH20,17
100,KH20,17
101,KH20,17
102,KH20,17
103,KH20,17
104,KH20,17
105,KH20,17
106,KH20,17
107,KH20,17
108,KH22,17
109,KH22,17
110,KH20,17
111,KH22,17
113,KH20,17
114,KH20,17
115,KH20,17
116,KH20,17
117,KH20,17
118,KH20,17
119,KH20,17
120,KH20,17
121,KH20,17
122,KH22,17
123,KH20,17
124,KH20,17
125,KH20,17
127,KH22,17
128,KH20,17
129,KH22,17
130,KH20,17
131,KH26,17
132,KH20,17
133,KH24,17
134,KH20,17
137,KH57,17
138,KH20,17
141,KH57,17
143,KH24,17
144,KH114,17
146,KH24,17
149,KH20,17
150,KH24,17
151,KH20,17
152,KH20,17
153,KH20,17
155,KH26,17
156,KH20,17
158,KH114,17
159,KH24,17
161,KH20,17
162,KH22,17
163,KH24,17
165,KH20,17
167,KH24,17
169,KH20,17
170,KH20,17
171,KH22,17
173,KH24,17
174,KH20,17
176,KH20,17
177,KH24,17
178,KH26,17
180,KH20,17
187,KH24,17
189,KH114,17
193,KH20,17
195,KH22,17
196,KH19,17
197,KH20,17
198,KH24,17
199,KH20,17
200,KH24,17
201,KH24,17
202,KH24,17
203,KH24,17
204,KH24,17
205,KH24,17
206,KH24,17
207,KH24,17
210,KH26,17
212,KH57,17
213,KH26,17
215,KH57,17
217,KH24,17
218,KH26,17
219,KH24,17
224,KH26,17
226,KH24,17
227,KH24,17
228,KH20,17
229,KH20,17
230,KH20,17
232,KH20,17
233,KH20,17
234,KH20,17
236,KH20,17
237,KH20,17
238,KH20,17
239,KH26,17
240,KH20,17
241,KH19,17
243,KH24,17
244,KH24,17
245,KH24,17
246,KH24,17
247,KH24,17
248,KH24,17
249,KH24,17
250,KH24,17
251,KH24,17
253,KH19,17
254,KH24,17
255,KH24,17
256,KH24,17
257,KH24,17
258,KH24,17
259,KH24,17
260,KH24,17
261,KH24,17
262,KH24,17
267,KH57,17
300,KH24,17
301,KH24,17
302,KH24,17
305,KH24,17
306,KH24,17
307,KH24,17
308,KH24,17
309,KH24,17
310,KH24,17
311,KH24,17
312,KH24,17
313,KH24,17
314,KH20,17
315,KH24,17
316,KH24,17
317,KH24,17
318,KH24,17
320,KH24,17
321,KH24,17
323,KH20,17
324,KH24,17
330,KH57,17
332,KH57,17
334,KH57,17
336,KH57,17
345,KH57,17
349,KH26,17
351,KH26,17
354,KH57,17
356,KH26,17
357,KH19,17
360,KH24,17
362,KH24,17
363,KH24,17
364,KH24,17
365,KH19,17
366,KH24,17
367,KH26,17
369,KH24,17
370,KH24,17
371,KH24,17
372,KH24,17
373,KH24,17
374,KH24,17
376,KH24,17
377,KH24,17
378,KH24,17
379,KH24,17
380,KH24,17
381,KH24,17
382,KH24,17
383,KH24,17
384,KH24,17
386,KH19,17
387,KH24,17
391,KH19,17
394,KH19,17
400,KH24,17
402,KH57,17
406,KH26,17
408,KH24,17
409,KH57,17
415,KH26,17
416,KH57,17
417,KH26,17
418,KH26,17
423,KH57,17
425,KH26,17
426,KH26,17
428,KH26,17
429,KH20,17
431,KH24,17
433,KH24,17
434,KH24,17
435,KH26,17
436,KH24,17
437,KH26,17
439,KH19,17
440,KH24,17
441,KH24,17
442,KH24,17
443,KH24,17
445,KH24,17
446,KH24,17
447,KH24,17
448,KH24,17
449,KH26,17
450,KH24,17
451,KH24,17
454,KH19,17
455,KH20,17
458,KH24,17
459,KH24,17
462,KH24,17
469,KH26,17
470,KH26,17
475,KH24,17
477,KH26,17
480,KH26,17
482,KH26,17
483,KH26,17
484,KH26,17
485,KH26,17
486,KH26,17
487,KH26,17
490,KH19,17
491,KH26,17
492,KH57,17
493,KH26,17
495,KH26,17
496,KH26,17
497,KH26,17
500,KH26,17
502,KH26,17
503,KH24,17
505,KH20,17
516,KH24,17
517,KH22,17
519,KH19,17
520,KH24,17
522,KH20,17
524,KH24,17
528,KH57,17
533,KH57,17
534,KH57,17
539,KH57,17
540,KH57,17
542,KH26,17
544,KH57,17
546,KH24,17
548,KH57,17
550,KH26,17
551,KH24,17
556,KH26,17
559,KH57,17
573,KH57,17
579,KH24,17
581,KH57,17
585,KH57,17
600,KH57,17
601,KH24,17
602,KH57,17
603,KH57,17
605,KH57,17
606,KH26,17
608,KH26,17
611,KH57,17
612,KH57,17
614,KH57,17
616,KH57,17
619,KH57,17
625,KH57,17
627,KH24,17
630,KH26,17
632,KH57,17
633,KH57,17
641,KH24,17
647,KH24,17
648,KH24,17
649,KH24,17
650,KH57,17
652,KH57,17
653,KH57,17
662,KH57,17
671,KH57,17
674,KH57,17
680,KH57,17
683,KH57,17
686,KH57,17
690,KH57,17
693,KH57,17
695,KH57,17
696,KH57,17
698,KH57,17
699,KH57,17
700,KH57,17
701,KH57,17
703,KH57,17
709,KH57,17
712,KH57,17
718,KH57,17
733,KH57,17
739,KH57,17
752,KH20,17
753,KH20,17
754,KH20,17
755,KH19,17
756,KH20,17
757,KH20,17
758,KH20,17
759,KH24,17
760,KH24,17
761,KH19,17
762,KH19,17
763,KH24,17
764,KH26,17
765,KH26,17
766,KH24,17
768,KH26,17
769,KH20,17
771,KH26,17
772,KH20,17
773,KH20,17
774,KH20,17
776,KH20,17
777,KH20,17
778,KH20,17
779,KH20,17
780,KH20,17
781,KH20,17
782,KH20,17
783,KH24,17
785,KH20,17
786,KH20,17
787,KH20,17
788,KH20,17
789,KH20,17
790,KH20,17
791,KH20,17
792,KH20,17
793,KH20,17
794,KH20,17
795,KH20,17
796,KH20,17
797,KH19,17
798,KH20,17
799,KH20,17
800,KH20,17
801,KH20,17
802,KH20,17
803,KH20,17
804,KH20,17
805,KH20,17
806,KH20,17
807,KH20,17
808,KH20,17
809,KH20,17
810,KH20,17
811,KH20,17
812,KH20,17
813,KH20,17
814,KH20,17
815,KH20,17
816,KH20,17
817,KH20,17
818,KH20,17
819,KH20,17
820,KH20,17
821,KH19,17
822,KH20,17
823,KH20,17
824,KH19,17
825,KH20,17
826,KH20,17
827,KH20,17
828,KH20,17
829,KH20,17
830,KH20,17
831,KH19,17
832,KH20,17
833,KH20,17
834,KH20,17
835,KH20,17
836,KH20,17
837,KH20,17
838,KH20,17
839,KH20,17
840,KH20,17
841,KH20,17
842,KH20,17
843,KH20,17
844,KH20,17
845,KH20,17
846,KH20,17
847,KH19,17
848,KH19,17
849,KH20,17
850,KH19,17
851,KH19,17
852,KH20,17
853,KH19,17
854,KH19,17
855,KH19,17
856,KH19,17
857,KH19,17
858,KH20,17
859,KH20,17
860,KH20,17
861,KH20,17
862,KH20,17
863,KH20,17
864,KH20,17
865,KH20,17
866,KH20,17
867,KH20,17
868,KH20,17
869,KH20,17
870,KH20,17
871,KH20,17
872,KH20,17
873,KH20,17
874,KH20,17
875,KH20,17
876,KH20,17
877,KH20,17
878,KH20,17
879,KH20,17
880,KH20,17
881,KH20,17
882,KH24,17
883,KH24,17
884,KH20,17
885,KH24,17
886,KH24,17
887,KH24,17
888,KH24,17
889,KH24,17
890,KH24,17
891,KH24,17
892,KH24,17
893,KH24,17
894,KH24,17
895,KH20,17
896,KH24,17
897,KH24,17
898,KH24,17
899,KH24,17
900,KH24,17
901,KH24,17
902,KH24,17
903,KH24,17
904,KH24,17
905,KH24,17
906,KH24,17
907,KH24,17
908,KH24,17
909,KH24,17
910,KH19,17
911,KH24,17
912,KH24,17
913,KH24,17
914,KH24,17
915,KH24,17
916,KH24,17
917,KH24,17
918,KH24,17
919,KH24,17
920,KH24,17
922,KH24,17
923,KH24,17
924,KH24,17
926,KH20,17
930,KH26,17
931,KH24,17
932,KH26,17
933,KH24,17
938,KH26,17
939,KH26,17
940,KH26,17
945,KH26,17
948,KH26,17
950,KH26,17
951,KH26,17
953,KH26,17
954,KH19,17
955,KH26,17
956,KH24,17
959,KH26,17
960,KH26,17
961,KH26,17
963,KH24,17
964,KH24,17
965,KH24,17
966,KH24,17
967,KH24,17
968,KH24,17
970,KH24,17
971,KH24,17
972,KH24,17
973,KH24,17
974,KH24,17
975,KH24,17
976,KH26,17
979,KH24,17
980,KH24,17
990,KH24,17
991,KH24,17
995,KH24,17
996,KH26,17
1000,KH24,17
1001,KH24,17
1002,KH26,17
1003,KH24,17
1004,KH24,17
1005,KH24,17
1007,KH26,17
1008,KH19,17
1010,KH24,17
1011,KH19,17
1012,KH24,17
1013,KH24,17
1014,KH24,17
1015,KH24,17
1016,KH24,17
1017,KH24,17
1018,KH24,17
1019,KH24,17
1020,KH24,17
1021,KH24,17
1022,KH24,17
1023,KH24,17
1024,KH24,17
1025,KH24,17
1026,KH26,17
1027,KH24,17
1028,KH24,17
1029,KH24,17
1030,KH24,17
1031,KH24,17
1032,KH24,17
1033,KH24,17
1034,KH24,17
1035,KH24,17
1036,KH24,17
1037,KH24,17
1038,KH24,17
1039,KH24,17
1040,KH24,17
1041,KH24,17
1045,KH24,17
1046,KH24,17
1047,KH24,17
1048,KH24,17
1050,KH24,17
1051,KH26,17
1052,KH24,17
1053,KH24,17
1054,KH20,17
1055,KH26,17
1056,KH26,17
1059,KH26,17
1065,KH26,17
1066,KH26,17
1067,KH26,17
1068,KH26,17
1069,KH26,17
1072,KH26,17
1074,KH49,17
1075,KH20,17
1076,KH26,17
1077,KH24,17
1079,KH24,17
1080,KH24,17
1081,KH24,17
1084,KH57,17
1085,KH57,17
1088,KH22,17
1089,KH20,17
1090,KH20,17
1091,KH20,17
1092,KH20,17
1093,KH20,17
1094,KH20,17
1095,KH20,17
1096,KH19,17
1097,KH20,17
1098,KH20,17
1099,KH20,17
1100,KH20,17
1101,KH20,17
1102,KH20,17
1103,KH20,17
1104,KH20,17
1105,KH20,17
1106,KH20,17
1107,KH20,17
1108,KH20,17
1109,KH20,17
1110,KH19,17
1111,KH19,17
1112,KH20,17
1113,KH19,17
1114,KH19,17
1115,KH20,17
1116,KH20,17
1117,KH19,17
1118,KH19,17
1119,KH19,17
1120,KH19,17
1121,KH19,17
1122,KH19,17
1123,KH19,17
1124,KH20,17
1125,KH20,17
7,KH101,18
8,KH9,18
9,KH101,18
11,KH9,18
13,KH9,18
14,KH9,18
21,KH9,18
23,KH9,18
24,KH101,18
25,KH101,18
26,KH101,18
27,KH101,18
28,KH101,18
30,KH101,18
31,KH101,18
33,KH9,18
34,KH101,18
35,KH101,18
36,KH9,18
37,KH101,18
38,KH101,18
39,KH101,18
40,KH9,18
41,KH9,18
42,KH101,18
43,KH101,18
44,KH9,18
46,KH101,18
47,KH9,18
48,KH9,18
49,KH101,18
50,KH9,18
51,KH9,18
52,KH9,18
53,KH101,18
54,KH9,18
55,KH9,18
56,KH9,18
57,KH9,18
58,KH9,18
59,KH9,18
60,KH9,18
61,KH101,18
62,KH101,18
63,KH101,18
64,KH101,18
65,KH9,18
66,KH101,18
68,KH9,18
72,KH9,18
75,KH9,18
76,KH176,18
78,KH9,18
79,KH9,18
80,KH176,18
81,KH101,18
82,KH9,18
83,KH9,18
85,KH9,18
86,KH9,18
88,KH9,18
89,KH101,18
90,KH101,18
91,KH101,18
92,KH101,18
94,KH9,18
95,KH101,18
96,KH101,18
97,KH101,18
98,KH101,18
101,KH101,18
102,KH101,18
103,KH101,18
104,KH101,18
105,KH101,18
106,KH9,18
107,KH101,18
108,KH101,18
109,KH9,18
110,KH101,18
111,KH101,18
113,KH101,18
118,KH9,18
121,KH101,18
122,KH9,18
123,KH101,18
125,KH101,18
126,KH101,18
127,KH9,18
129,KH9,18
130,KH101,18
131,KH9,18
134,KH101,18
135,KH101,18
139,KH101,18
143,KH9,18
145,KH101,18
146,KH101,18
147,KH101,18
148,KH101,18
149,KH101,18
150,KH101,18
151,KH9,18
153,KH101,18
154,KH101,18
156,KH101,18
157,KH105,18
158,KH101,18
159,KH9,18
160,KH101,18
161,KH101,18
162,KH9,18
163,KH101,18
164,KH101,18
165,KH101,18
166,KH101,18
168,KH101,18
169,KH9,18
170,KH101,18
171,KH9,18
172,KH9,18
175,KH101,18
176,KH9,18
177,KH9,18
179,KH101,18
180,KH101,18
181,KH101,18
182,KH9,18
183,KH101,18
184,KH101,18
187,KH9,18
191,KH101,18
192,KH33,18
193,KH9,18
195,KH9,18
196,KH9,18
197,KH101,18
203,KH9,18
222,KH105,18
226,KH122,18
227,KH9,18
230,KH122,18
233,KH9,18
237,KH122,18
238,KH122,18
240,KH9,18
241,KH122,18
245,KH122,18
250,KH122,18
253,KH122,18
259,KH122,18
261,KH9,18
263,KH66,18
264,KH66,18
265,KH66,18
266,KH66,18
267,KH66,18
268,KH176,18
269,KH66,18
270,KH66,18
271,KH66,18
273,KH66,18
274,KH66,18
277,KH66,18
280,KH66,18
281,KH66,18
283,KH66,18
284,KH66,18
285,KH66,18
286,KH66,18
288,KH66,18
290,KH66,18
291,KH66,18
292,KH66,18
293,KH66,18
296,KH66,18
300,KH9,18
301,KH9,18
305,KH9,18
314,KH9,18
316,KH9,18
318,KH9,18
321,KH9,18
338,KH9,18
346,KH105,18
347,KH105,18
356,KH176,18
359,KH105,18
362,KH122,18
366,KH9,18
388,KH176,18
391,KH176,18
400,KH9,18
407,KH122,18
409,KH105,18
418,KH156,18
425,KH176,18
435,KH176,18
438,KH176,18
447,KH9,18
459,KH122,18
460,KH122,18
463,KH176,18
464,KH122,18
473,KH156,18
475,KH101,18
476,KH176,18
480,KH176,18
485,KH176,18
488,KH156,18
502,KH156,18
509,KH9,18
520,KH101,18
521,KH9,18
522,KH9,18
524,KH9,18
528,KH9,18
531,KH105,18
540,KH9,18
544,KH105,18
552,KH176,18
556,KH156,18
558,KH33,18
563,KH105,18
570,KH9,18
576,KH9,18
577,KH9,18
593,KH105,18
596,KH33,18
601,KH9,18
604,KH33,18
605,KH33,18
606,KH33,18
608,KH33,18
615,KH105,18
620,KH9,18
623,KH9,18
647,KH9,18
648,KH9,18
660,KH105,18
664,KH105,18
665,KH105,18
669,KH105,18
670,KH105,18
673,KH105,18
678,KH105,18
684,KH105,18
685,KH105,18
689,KH9,18
702,KH105,18
706,KH105,18
713,KH105,18
716,KH105,18
718,KH105,18
725,KH105,18
728,KH105,18
729,KH105,18
733,KH105,18
741,KH105,18
754,KH9,18
755,KH9,18
756,KH9,18
761,KH176,18
764,KH9,18
770,KH33,18
772,KH9,18
773,KH9,18
774,KH9,18
776,KH9,18
778,KH9,18
780,KH9,18
781,KH9,18
786,KH9,18
787,KH9,18
789,KH9,18
792,KH9,18
793,KH9,18
794,KH9,18
796,KH9,18
798,KH9,18
801,KH9,18
802,KH9,18
805,KH9,18
806,KH9,18
807,KH9,18
808,KH9,18
809,KH9,18
810,KH9,18
811,KH9,18
812,KH9,18
815,KH9,18
817,KH9,18
818,KH9,18
819,KH9,18
820,KH9,18
823,KH9,18
825,KH9,18
827,KH9,18
829,KH9,18
833,KH176,18
835,KH9,18
840,KH9,18
842,KH9,18
843,KH9,18
844,KH9,18
845,KH9,18
846,KH9,18
847,KH176,18
849,KH9,18
852,KH9,18
854,KH9,18
856,KH9,18
858,KH9,18
860,KH9,18
864,KH9,18
865,KH9,18
866,KH9,18
867,KH9,18
868,KH9,18
870,KH9,18
871,KH9,18
872,KH9,18
881,KH9,18
895,KH9,18
900,KH9,18
901,KH9,18
907,KH9,18
908,KH9,18
910,KH33,18
917,KH9,18
931,KH9,18
936,KH33,18
938,KH33,18
940,KH33,18
943,KH9,18
947,KH33,18
950,KH9,18
951,KH33,18
952,KH33,18
953,KH176,18
955,KH33,18
956,KH9,18
957,KH33,18
961,KH33,18
964,KH9,18
977,KH33,18
987,KH33,18
991,KH9,18
993,KH33,18
997,KH122,18
999,KH176,18
1012,KH9,18
1020,KH9,18
1024,KH9,18
1035,KH176,18
1052,KH9,18
1054,KH9,18
1056,KH33,18
1066,KH33,18
1067,KH33,18
1071,KH156,18
1072,KH33,18
1074,KH181,18
1075,KH9,18
1078,KH9,18
1079,KH101,18
1080,KH9,18
1083,KH122,18
1088,KH9,18
1089,KH176,18
1093,KH9,18
1095,KH176,18
1098,KH9,18
1102,KH101,18
1106,KH9,18
1108,KH9,18
1115,KH9,18
1119,KH176,18
1120,KH176,18
1121,KH176,18
1123,KH176,18
1124,KH9,18
3,KH62,19
8,KH62,19
12,KH62,19
13,KH62,19
14,KH62,19
19,KH62,19
20,KH62,19
21,KH62,19
22,KH62,19
23,KH62,19
26,KH62,19
27,KH62,19
28,KH62,19
29,KH62,19
32,KH62,19
33,KH62,19
34,KH62,19
35,KH62,19
36,KH62,19
38,KH62,19
39,KH62,19
40,KH62,19
41,KH62,19
42,KH62,19
43,KH134,19
44,KH62,19
45,KH62,19
48,KH62,19
49,KH62,19
50,KH62,19
51,KH62,19
52,KH62,19
53,KH62,19
54,KH62,19
55,KH62,19
56,KH62,19
57,KH62,19
58,KH62,19
59,KH62,19
60,KH62,19
63,KH62,19
64,KH62,19
68,KH62,19
71,KH62,19
75,KH144,19
77,KH144,19
78,KH62,19
79,KH62,19
80,KH62,19
81,KH62,19
82,KH62,19
83,KH62,19
84,KH62,19
86,KH62,19
87,KH62,19
88,KH62,19
90,KH62,19
91,KH62,19
92,KH62,19
93,KH62,19
94,KH62,19
96,KH62,19
98,KH62,19
99,KH62,19
100,KH62,19
101,KH62,19
103,KH62,19
104,KH62,19
105,KH62,19
106,KH62,19
107,KH62,19
108,KH62,19
109,KH62,19
110,KH62,19
111,KH62,19
112,KH62,19
113,KH62,19
114,KH62,19
115,KH62,19
116,KH62,19
117,KH62,19
119,KH62,19
120,KH62,19
121,KH62,19
122,KH62,19
123,KH62,19
124,KH62,19
125,KH62,19
128,KH62,19
129,KH62,19
132,KH127,19
134,KH62,19
136,KH127,19
138,KH62,19
141,KH128,19
144,KH62,19
145,KH62,19
146,KH127,19
147,KH134,19
149,KH62,19
151,KH62,19
152,KH62,19
153,KH62,19
156,KH62,19
157,KH127,19
159,KH127,19
161,KH62,19
162,KH62,19
165,KH62,19
167,KH127,19
169,KH127,19
170,KH62,19
173,KH127,19
174,KH62,19
176,KH62,19
177,KH127,19
180,KH62,19
187,KH127,19
188,KH62,19
192,KH127,19
195,KH62,19
199,KH127,19
200,KH127,19
202,KH127,19
203,KH127,19
204,KH127,19
205,KH127,19
207,KH127,19
208,KH144,19
209,KH144,19
210,KH144,19
214,KH128,19
216,KH126,19
227,KH127,19
228,KH62,19
229,KH62,19
230,KH62,19
234,KH62,19
235,KH62,19
236,KH62,19
237,KH62,19
240,KH62,19
241,KH62,19
243,KH126,19
244,KH127,19
246,KH127,19
248,KH127,19
249,KH127,19
254,KH127,19
255,KH127,19
256,KH127,19
262,KH127,19
295,KH62,19
298,KH62,19
304,KH127,19
306,KH127,19
307,KH127,19
309,KH127,19
311,KH127,19
312,KH127,19
314,KH127,19
315,KH127,19
317,KH127,19
318,KH127,19
321,KH127,19
323,KH127,19
324,KH127,19
325,KH129,19
326,KH129,19
327,KH129,19
328,KH129,19
329,KH129,19
330,KH129,19
331,KH129,19
332,KH129,19
333,KH129,19
334,KH129,19
335,KH129,19
336,KH129,19
337,KH129,19
338,KH129,19
339,KH129,19
340,KH129,19
341,KH129,19
342,KH129,19
343,KH129,19
344,KH129,19
345,KH129,19
346,KH129,19
347,KH129,19
354,KH128,19
355,KH62,19
356,KH175,19
359,KH127,19
360,KH126,19
361,KH126,19
362,KH127,19
363,KH127,19
364,KH127,19
366,KH127,19
370,KH127,19
381,KH127,19
382,KH127,19
383,KH127,19
384,KH127,19
391,KH144,19
395,KH126,19
399,KH128,19
400,KH126,19
405,KH128,19
411,KH127,19
413,KH175,19
421,KH127,19
423,KH129,19
435,KH175,19
440,KH127,19
442,KH127,19
443,KH127,19
445,KH127,19
447,KH127,19
455,KH127,19
458,KH126,19
460,KH127,19
465,KH127,19
467,KH128,19
468,KH175,19
469,KH175,19
470,KH126,19
477,KH175,19
481,KH126,19
490,KH175,19
491,KH175,19
492,KH175,19
494,KH175,19
497,KH175,19
498,KH175,19
507,KH144,19
510,KH128,19
511,KH62,19
515,KH128,19
517,KH62,19
523,KH128,19
527,KH128,19
530,KH128,19
533,KH62,19
534,KH128,19
536,KH128,19
537,KH128,19
544,KH128,19
547,KH127,19
557,KH128,19
562,KH128,19
564,KH128,19
565,KH128,19
570,KH128,19
572,KH128,19
575,KH128,19
583,KH127,19
585,KH128,19
586,KH128,19
587,KH128,19
591,KH128,19
595,KH128,19
598,KH128,19
599,KH128,19
601,KH127,19
603,KH128,19
604,KH128,19
607,KH127,19
608,KH128,19
609,KH128,19
611,KH127,19
612,KH128,19
613,KH128,19
614,KH128,19
615,KH128,19
619,KH128,19
622,KH128,19
623,KH128,19
627,KH128,19
628,KH128,19
629,KH128,19
631,KH128,19
632,KH128,19
633,KH128,19
634,KH127,19
639,KH128,19
640,KH128,19
645,KH128,19
647,KH127,19
648,KH128,19
649,KH127,19
650,KH128,19
661,KH128,19
662,KH128,19
663,KH128,19
664,KH128,19
677,KH128,19
682,KH128,19
684,KH128,19
686,KH128,19
687,KH128,19
692,KH128,19
697,KH128,19
698,KH128,19
699,KH128,19
700,KH128,19
703,KH128,19
704,KH128,19
706,KH128,19
707,KH128,19
708,KH128,19
709,KH128,19
710,KH128,19
711,KH128,19
712,KH128,19
713,KH128,19
715,KH128,19
717,KH128,19
719,KH128,19
720,KH129,19
721,KH128,19
722,KH128,19
723,KH128,19
725,KH129,19
727,KH129,19
728,KH128,19
731,KH128,19
736,KH128,19
738,KH128,19
740,KH128,19
742,KH128,19
743,KH128,19
746,KH128,19
748,KH128,19
749,KH128,19
750,KH128,19
752,KH62,19
753,KH62,19
756,KH62,19
757,KH62,19
758,KH62,19
767,KH126,19
771,KH62,19
776,KH62,19
779,KH62,19
781,KH62,19
783,KH127,19
784,KH127,19
786,KH62,19
787,KH62,19
789,KH62,19
790,KH62,19
793,KH62,19
794,KH62,19
795,KH62,19
796,KH62,19
798,KH62,19
799,KH62,19
800,KH62,19
801,KH62,19
803,KH62,19
805,KH62,19
807,KH62,19
809,KH62,19
810,KH62,19
812,KH62,19
813,KH62,19
814,KH62,19
816,KH62,19
817,KH62,19
820,KH62,19
827,KH62,19
828,KH62,19
829,KH62,19
832,KH62,19
833,KH62,19
834,KH62,19
835,KH62,19
836,KH62,19
837,KH62,19
838,KH62,19
839,KH62,19
842,KH62,19
845,KH62,19
846,KH62,19
849,KH62,19
857,KH144,19
858,KH62,19
859,KH62,19
860,KH62,19
861,KH62,19
862,KH62,19
863,KH62,19
864,KH62,19
865,KH62,19
866,KH62,19
867,KH62,19
868,KH62,19
869,KH62,19
870,KH62,19
872,KH62,19
873,KH62,19
874,KH62,19
875,KH62,19
876,KH62,19
877,KH62,19
878,KH62,19
879,KH62,19
880,KH62,19
881,KH62,19
882,KH127,19
883,KH127,19
884,KH127,19
885,KH127,19
886,KH127,19
887,KH127,19
888,KH126,19
890,KH127,19
891,KH127,19
892,KH127,19
894,KH127,19
896,KH127,19
897,KH127,19
898,KH127,19
899,KH127,19
900,KH127,19
901,KH127,19
902,KH127,19
903,KH127,19
904,KH126,19
905,KH127,19
906,KH62,19
911,KH127,19
912,KH126,19
915,KH127,19
916,KH127,19
919,KH127,19
920,KH127,19
922,KH127,19
923,KH127,19
924,KH126,19
925,KH126,19
926,KH127,19
931,KH127,19
933,KH126,19
935,KH127,19
939,KH126,19
944,KH126,19
945,KH127,19
956,KH127,19
958,KH126,19
959,KH126,19
960,KH126,19
963,KH126,19
965,KH127,19
966,KH127,19
970,KH127,19
973,KH127,19
976,KH126,19
980,KH62,19
982,KH126,19
989,KH127,19
990,KH127,19
995,KH127,19
1000,KH127,19
1003,KH127,19
1005,KH127,19
1008,KH126,19
1010,KH127,19
1011,KH144,19
1015,KH127,19
1017,KH127,19
1018,KH127,19
1019,KH127,19
1021,KH127,19
1022,KH127,19
1024,KH127,19
1025,KH127,19
1030,KH127,19
1037,KH127,19
1038,KH127,19
1047,KH127,19
1048,KH127,19
1049,KH126,19
1050,KH127,19
1052,KH62,19
1053,KH127,19
1055,KH126,19
1060,KH127,19
1069,KH127,19
1070,KH127,19
1073,KH62,19
1074,KH158,19
1078,KH127,19
1081,KH127,19
1083,KH127,19
1084,KH128,19
1086,KH128,19
1088,KH62,19
1089,KH62,19
1090,KH62,19
1091,KH62,19
1092,KH62,19
1093,KH62,19
1094,KH62,19
1097,KH62,19
1098,KH62,19
1099,KH62,19
1100,KH62,19
1101,KH62,19
1104,KH62,19
1106,KH62,19
1107,KH62,19
1108,KH62,19
1109,KH62,19
1111,KH144,19
1112,KH62,19
1114,KH144,19
1115,KH62,19
1116,KH62,19
1117,KH144,19
1118,KH144,19
1119,KH144,19
1120,KH144,19
1121,KH144,19
1122,KH144,19
1123,KH144,19
1124,KH62,19
1125,KH62,19
12,KH53,20
14,KH17,20
15,KH17,20
19,KH53,20
26,KH53,20
28,KH53,20
29,KH53,20
30,KH67,20
63,KH53,20
67,KH17,20
69,KH53,20
74,KH38,20
76,KH38,20
89,KH53,20
97,KH38,20
98,KH53,20
99,KH53,20
103,KH53,20
113,KH53,20
116,KH53,20
117,KH53,20
118,KH53,20
119,KH53,20
120,KH53,20
121,KH53,20
124,KH38,20
126,KH79,20
130,KH53,20
136,KH67,20
138,KH53,20
142,KH6,20
144,KH53,20
147,KH79,20
152,KH53,20
156,KH53,20
159,KH6,20
161,KH53,20
167,KH6,20
170,KH53,20
173,KH6,20
184,KH67,20
186,KH67,20
188,KH53,20
197,KH6,20
204,KH121,20
205,KH121,20
207,KH6,20
208,KH121,20
214,KH67,20
216,KH121,20
219,KH121,20
220,KH6,20
225,KH112,20
231,KH112,20
235,KH112,20
237,KH112,20
239,KH112,20
242,KH121,20
243,KH112,20
264,KH121,20
279,KH121,20
282,KH121,20
298,KH121,20
299,KH121,20
300,KH112,20
302,KH112,20
303,KH121,20
304,KH112,20
306,KH112,20
309,KH112,20
314,KH112,20
316,KH112,20
321,KH112,20
322,KH121,20
333,KH76,20
337,KH74,20
341,KH74,20
343,KH67,20
352,KH67,20
353,KH112,20
354,KH172,20
355,KH112,20
356,KH74,20
357,KH121,20
360,KH6,20
366,KH6,20
368,KH121,20
370,KH112,20
371,KH112,20
376,KH112,20
380,KH112,20
381,KH112,20
382,KH121,20
385,KH112,20
386,KH112,20
388,KH121,20
390,KH121,20
391,KH38,20
395,KH121,20
396,KH67,20
397,KH172,20
399,KH67,20
400,KH121,20
401,KH67,20
403,KH67,20
405,KH67,20
420,KH112,20
421,KH67,20
428,KH121,20
429,KH121,20
436,KH121,20
439,KH38,20
440,KH67,20
441,KH121,20
445,KH121,20
446,KH121,20
447,KH121,20
451,KH121,20
461,KH172,20
467,KH6,20
472,KH172,20
474,KH38,20
486,KH121,20
490,KH172,20
496,KH172,20
499,KH76,20
502,KH74,20
506,KH6,20
512,KH67,20
514,KH121,20
524,KH6,20
527,KH67,20
529,KH67,20
532,KH67,20
533,KH6,20
535,KH67,20
536,KH67,20
538,KH74,20
545,KH76,20
549,KH121,20
552,KH67,20
553,KH76,20
554,KH74,20
557,KH67,20
563,KH67,20
568,KH67,20
569,KH67,20
570,KH67,20
573,KH67,20
580,KH67,20
582,KH67,20
586,KH67,20
590,KH67,20
591,KH67,20
592,KH67,20
595,KH76,20
596,KH74,20
599,KH67,20
601,KH74,20
602,KH67,20
607,KH74,20
610,KH67,20
612,KH67,20
613,KH76,20
617,KH74,20
618,KH76,20
622,KH67,20
624,KH67,20
630,KH172,20
635,KH172,20
637,KH76,20
638,KH76,20
642,KH67,20
643,KH76,20
646,KH121,20
658,KH76,20
667,KH76,20
670,KH76,20
675,KH76,20
680,KH76,20
683,KH76,20
687,KH76,20
688,KH76,20
692,KH76,20
694,KH76,20
705,KH76,20
706,KH76,20
716,KH76,20
719,KH76,20
721,KH76,20
723,KH76,20
724,KH76,20
725,KH76,20
726,KH76,20
727,KH76,20
729,KH76,20
730,KH76,20
731,KH76,20
732,KH76,20
735,KH76,20
745,KH76,20
747,KH76,20
751,KH76,20
755,KH38,20
758,KH17,20
762,KH6,20
769,KH6,20
770,KH38,20
775,KH67,20
780,KH17,20
781,KH17,20
782,KH17,20
783,KH121,20
784,KH121,20
785,KH38,20
791,KH17,20
793,KH17,20
795,KH17,20
796,KH17,20
797,KH38,20
801,KH17,20
810,KH17,20
812,KH17,20
813,KH17,20
814,KH17,20
820,KH17,20
821,KH38,20
825,KH17,20
831,KH38,20
834,KH17,20
836,KH17,20
839,KH17,20
847,KH38,20
848,KH38,20
851,KH38,20
853,KH38,20
854,KH17,20
856,KH17,20
857,KH38,20
862,KH17,20
873,KH17,20
878,KH17,20
879,KH17,20
882,KH121,20
883,KH121,20
884,KH121,20
886,KH121,20
895,KH121,20
897,KH121,20
902,KH121,20
904,KH6,20
906,KH121,20
908,KH6,20
910,KH6,20
917,KH6,20
919,KH6,20
920,KH6,20
923,KH6,20
925,KH6,20
928,KH6,20
929,KH6,20
932,KH6,20
933,KH6,20
934,KH6,20
936,KH67,20
938,KH6,20
940,KH6,20
942,KH121,20
945,KH6,20
946,KH121,20
949,KH6,20
951,KH6,20
952,KH67,20
954,KH79,20
955,KH6,20
960,KH6,20
962,KH67,20
963,KH6,20
966,KH6,20
972,KH121,20
973,KH121,20
977,KH6,20
978,KH6,20
979,KH6,20
980,KH6,20
982,KH6,20
983,KH6,20
984,KH121,20
986,KH6,20
991,KH121,20
992,KH67,20
1003,KH121,20
1009,KH121,20
1011,KH38,20
1012,KH121,20
1015,KH121,20
1018,KH121,20
1019,KH6,20
1020,KH121,20
1026,KH67,20
1028,KH6,20
1029,KH121,20
1031,KH6,20
1032,KH121,20
1033,KH121,20
1034,KH121,20
1035,KH121,20
1036,KH121,20
1039,KH6,20
1040,KH121,20
1057,KH67,20
1058,KH67,20
1059,KH74,20
1060,KH67,20
1061,KH172,20
1064,KH67,20
1065,KH172,20
1074,KH100,20
1082,KH6,20
1094,KH17,20
1101,KH17,20
1102,KH53,20
1106,KH17,20
1110,KH38,20
1111,KH38,20
1113,KH38,20
1114,KH38,20
1116,KH17,20
1118,KH38,20
1119,KH38,20
1120,KH38,20
1121,KH38,20
1122,KH38,20
1123,KH38,20
1124,KH17,20
