Ma SV,Ma HP,Time slot
2,KH0130,0
4,KH0130,0
5,KH0130,0
7,KH0130,0
8,KH0130,0
9,KH0130,0
12,KH0130,0
14,KH0130,0
18,KH0130,0
19,KH0130,0
20,KH0130,0
22,KH0167,0
24,KH0130,0
27,KH0130,0
34,KH0130,0
37,KH0130,0
38,KH0130,0
44,KH0130,0
45,KH0130,0
52,KH0130,0
55,KH0130,0
57,KH0130,0
58,KH0167,0
59,KH0130,0
60,KH0130,0
63,KH0130,0
65,KH0130,0
67,KH0130,0
68,KH0130,0
70,KH0167,0
73,KH0167,0
75,KH0130,0
76,KH0130,0
77,KH0130,0
80,KH0130,0
82,KH0167,0
83,KH0167,0
84,KH0130,0
85,KH0167,0
87,KH0130,0
91,KH0130,0
96,KH0130,0
97,KH0167,0
98,KH0130,0
99,KH0167,0
104,KH0130,0
105,KH0130,0
106,KH0130,0
108,KH0167,0
111,KH0130,0
113,KH0130,0
117,KH0130,0
121,KH0130,0
123,KH0130,0
124,KH0130,0
125,KH0167,0
126,KH0167,0
127,KH0130,0
128,KH0167,0
130,KH0130,0
134,KH0130,0
136,KH0130,0
138,KH0167,0
140,KH0167,0
142,KH0130,0
144,KH0130,0
147,KH0130,0
151,KH0167,0
152,KH0130,0
154,KH0167,0
156,KH0130,0
162,KH0042,0
166,KH0042,0
170,KH0157,0
171,KH0076,0
172,KH0142,0
177,KH0125,0
181,KH0001,0
185,KH0001,0
189,KH0077,0
190,KH0142,0
192,KH0002,0
204,KH0157,0
205,KH0125,0
207,KH0142,0
214,KH0002,0
220,KH0042,0
222,KH0157,0
225,KH0002,0
226,KH0142,0
227,KH0001,0
232,KH0157,0
233,KH0097,0
235,KH0157,0
236,KH0076,0
237,KH0157,0
238,KH0157,0
239,KH0157,0
240,KH0157,0
242,KH0142,0
247,KH0076,0
250,KH0077,0
252,KH0076,0
255,KH0157,0
259,KH0077,0
260,KH0077,0
263,KH0157,0
267,KH0001,0
271,KH0001,0
275,KH0142,0
276,KH0077,0
281,KH0077,0
293,KH0001,0
296,KH0077,0
298,KH0125,0
302,KH0002,0
306,KH0142,0
308,KH0125,0
313,KH0001,0
319,KH0157,0
320,KH0042,0
325,KH0076,0
326,KH0125,0
330,KH0076,0
340,KH0001,0
341,KH0042,0
351,KH0157,0
358,KH0076,0
359,KH0001,0
366,KH0157,0
372,KH0142,0
373,KH0001,0
376,KH0002,0
380,KH0125,0
381,KH0042,0
383,KH0157,0
384,KH0002,0
385,KH0157,0
389,KH0157,0
390,KH0142,0
393,KH0001,0
394,KH0077,0
396,KH0125,0
399,KH0001,0
400,KH0001,0
401,KH0042,0
402,KH0076,0
406,KH0157,0
408,KH0042,0
409,KH0142,0
410,KH0142,0
413,KH0142,0
415,KH0157,0
416,KH0157,0
419,KH0077,0
421,KH0076,0
426,KH0157,0
427,KH0157,0
429,KH0001,0
436,KH0157,0
443,KH0002,0
445,KH0001,0
447,KH0076,0
460,KH0142,0
468,KH0077,0
476,KH0076,0
478,KH0042,0
479,KH0077,0
480,KH0157,0
485,KH0042,0
486,KH0077,0
487,KH0002,0
490,KH0157,0
493,KH0001,0
503,KH0077,0
507,KH0157,0
512,KH0157,0
514,KH0002,0
516,KH0157,0
521,KH0125,0
527,KH0125,0
529,KH0142,0
531,KH0142,0
532,KH0076,0
535,KH0142,0
537,KH0042,0
539,KH0157,0
546,KH0097,0
547,KH0002,0
550,KH0076,0
551,KH0142,0
555,KH0157,0
556,KH0142,0
565,KH0076,0
579,KH0097,0
582,KH0001,0
585,KH0076,0
588,KH0042,0
589,KH0125,0
595,KH0042,0
600,KH0077,0
606,KH0001,0
608,KH0157,0
610,KH0002,0
614,KH0042,0
618,KH0076,0
620,KH0142,0
621,KH0042,0
622,KH0076,0
623,KH0125,0
626,KH0042,0
634,KH0001,0
635,KH0076,0
636,KH0157,0
637,KH0157,0
638,KH0157,0
639,KH0157,0
640,KH0142,0
643,KH0002,0
644,KH0142,0
647,KH0142,0
648,KH0097,0
649,KH0142,0
651,KH0157,0
652,KH0125,0
655,KH0002,0
656,KH0157,0
665,KH0142,0
666,KH0076,0
671,KH0157,0
674,KH0076,0
677,KH0157,0
678,KH0001,0
680,KH0002,0
681,KH0125,0
684,KH0125,0
685,KH0076,0
695,KH0157,0
700,KH0002,0
703,KH0142,0
709,KH0157,0
715,KH0157,0
729,KH0142,0
734,KH0097,0
735,KH0142,0
742,KH0002,0
743,KH0125,0
744,KH0042,0
748,KH0157,0
764,KH0142,0
771,KH0157,0
772,KH0157,0
780,KH0077,0
782,KH0042,0
783,KH0001,0
794,KH0157,0
799,KH0142,0
801,KH0142,0
809,KH0130,0
810,KH0130,0
813,KH0042,0
820,KH0157,0
821,KH0157,0
822,KH0077,0
830,KH0142,0
835,KH0157,0
840,KH0125,0
845,KH0157,0
848,KH0157,0
855,KH0130,0
857,KH0002,0
859,KH0125,0
862,KH0076,0
866,KH0130,0
867,KH0097,0
872,KH0001,0
873,KH0042,0
874,KH0077,0
881,KH0002,0
885,KH0157,0
886,KH0076,0
888,KH0077,0
893,KH0157,0
895,KH0157,0
896,KH0167,0
898,KH0130,0
901,KH0002,0
906,KH0157,0
911,KH0157,0
915,KH0157,0
916,KH0157,0
918,KH0157,0
920,KH0157,0
922,KH0157,0
923,KH0001,0
924,KH0077,0
933,KH0157,0
1,KH0031,1
2,KH0031,1
3,KH0031,1
4,KH0031,1
5,KH0031,1
6,KH0031,1
7,KH0031,1
8,KH0031,1
9,KH0031,1
10,KH0031,1
11,KH0030,1
12,KH0030,1
13,KH0031,1
14,KH0031,1
15,KH0031,1
16,KH0031,1
17,KH0031,1
18,KH0031,1
19,KH0031,1
20,KH0031,1
21,KH0031,1
22,KH0031,1
23,KH0031,1
24,KH0031,1
25,KH0031,1
26,KH0030,1
27,KH0031,1
28,KH0031,1
29,KH0031,1
30,KH0031,1
31,KH0031,1
32,KH0030,1
33,KH0031,1
34,KH0031,1
35,KH0030,1
36,KH0031,1
37,KH0030,1
38,KH0031,1
39,KH0030,1
40,KH0031,1
41,KH0030,1
42,KH0031,1
43,KH0031,1
44,KH0029,1
45,KH0031,1
46,KH0030,1
47,KH0030,1
48,KH0031,1
49,KH0031,1
50,KH0031,1
51,KH0031,1
52,KH0030,1
53,KH0031,1
54,KH0031,1
55,KH0030,1
56,KH0031,1
57,KH0030,1
58,KH0030,1
59,KH0029,1
60,KH0031,1
61,KH0030,1
62,KH0030,1
63,KH0029,1
64,KH0030,1
65,KH0031,1
66,KH0029,1
67,KH0030,1
68,KH0031,1
69,KH0029,1
70,KH0031,1
71,KH0030,1
72,KH0031,1
73,KH0031,1
74,KH0030,1
75,KH0030,1
76,KH0031,1
77,KH0029,1
78,KH0031,1
79,KH0031,1
80,KH0030,1
81,KH0031,1
83,KH0030,1
84,KH0029,1
85,KH0031,1
86,KH0030,1
87,KH0029,1
88,KH0031,1
89,KH0031,1
90,KH0030,1
91,KH0031,1
92,KH0029,1
93,KH0031,1
94,KH0031,1
95,KH0031,1
96,KH0031,1
97,KH0030,1
98,KH0030,1
100,KH0030,1
101,KH0030,1
102,KH0031,1
103,KH0031,1
104,KH0031,1
105,KH0030,1
106,KH0031,1
107,KH0031,1
108,KH0030,1
109,KH0031,1
110,KH0031,1
111,KH0029,1
112,KH0029,1
113,KH0031,1
114,KH0031,1
115,KH0030,1
116,KH0031,1
117,KH0031,1
118,KH0031,1
119,KH0031,1
120,KH0031,1
121,KH0030,1
122,KH0029,1
123,KH0030,1
124,KH0031,1
125,KH0030,1
127,KH0031,1
129,KH0031,1
130,KH0031,1
131,KH0030,1
132,KH0031,1
133,KH0031,1
134,KH0031,1
135,KH0031,1
136,KH0029,1
137,KH0031,1
138,KH0031,1
139,KH0030,1
140,KH0031,1
141,KH0031,1
142,KH0031,1
143,KH0030,1
144,KH0031,1
145,KH0030,1
146,KH0029,1
147,KH0031,1
148,KH0030,1
149,KH0030,1
150,KH0030,1
151,KH0030,1
152,KH0030,1
153,KH0031,1
155,KH0030,1
156,KH0030,1
157,KH0031,1
158,KH0031,1
159,KH0151,1
160,KH0005,1
161,KH0048,1
166,KH0048,1
168,KH0047,1
169,KH0151,1
173,KH0095,1
175,KH0149,1
177,KH0031,1
178,KH0151,1
182,KH0041,1
185,KH0095,1
188,KH0047,1
189,KH0055,1
191,KH0151,1
196,KH0151,1
198,KH0149,1
202,KH0055,1
208,KH0151,1
210,KH0012,1
215,KH0012,1
217,KH0048,1
218,KH0048,1
229,KH0151,1
230,KH0005,1
233,KH0047,1
234,KH0151,1
235,KH0151,1
236,KH0149,1
241,KH0005,1
252,KH0149,1
255,KH0048,1
265,KH0149,1
272,KH0149,1
276,KH0055,1
279,KH0012,1
280,KH0047,1
286,KH0030,1
287,KH0149,1
293,KH0012,1
294,KH0012,1
295,KH0151,1
296,KH0149,1
301,KH0149,1
302,KH0149,1
307,KH0047,1
308,KH0012,1
310,KH0095,1
312,KH0041,1
316,KH0151,1
321,KH0030,1
324,KH0095,1
325,KH0005,1
329,KH0048,1
334,KH0005,1
336,KH0012,1
338,KH0041,1
339,KH0151,1
340,KH0012,1
343,KH0055,1
344,KH0151,1
350,KH0005,1
352,KH0095,1
354,KH0048,1
358,KH0012,1
360,KH0012,1
363,KH0048,1
365,KH0012,1
366,KH0151,1
367,KH0055,1
371,KH0005,1
373,KH0095,1
378,KH0095,1
379,KH0151,1
384,KH0012,1
385,KH0151,1
392,KH0012,1
399,KH0012,1
406,KH0151,1
414,KH0012,1
415,KH0151,1
416,KH0151,1
418,KH0095,1
422,KH0095,1
425,KH0151,1
426,KH0151,1
430,KH0151,1
433,KH0151,1
436,KH0151,1
440,KH0151,1
443,KH0095,1
444,KH0048,1
447,KH0151,1
449,KH0005,1
453,KH0012,1
457,KH0151,1
459,KH0095,1
462,KH0005,1
480,KH0151,1
483,KH0151,1
484,KH0151,1
492,KH0005,1
494,KH0047,1
496,KH0055,1
498,KH0151,1
501,KH0048,1
502,KH0048,1
504,KH0149,1
507,KH0151,1
508,KH0149,1
512,KH0151,1
514,KH0012,1
515,KH0151,1
522,KH0151,1
523,KH0149,1
524,KH0149,1
525,KH0095,1
526,KH0047,1
527,KH0031,1
528,KH0095,1
529,KH0151,1
533,KH0151,1
539,KH0151,1
542,KH0149,1
547,KH0095,1
549,KH0012,1
552,KH0041,1
555,KH0151,1
559,KH0005,1
560,KH0048,1
561,KH0149,1
564,KH0005,1
565,KH0048,1
566,KH0012,1
567,KH0095,1
571,KH0048,1
580,KH0149,1
581,KH0012,1
585,KH0149,1
586,KH0149,1
587,KH0149,1
593,KH0151,1
596,KH0149,1
599,KH0151,1
602,KH0055,1
606,KH0012,1
607,KH0005,1
610,KH0012,1
611,KH0151,1
612,KH0012,1
616,KH0012,1
618,KH0149,1
620,KH0149,1
625,KH0048,1
627,KH0095,1
632,KH0012,1
638,KH0151,1
641,KH0095,1
651,KH0048,1
652,KH0005,1
653,KH0012,1
656,KH0151,1
659,KH0012,1
661,KH0151,1
668,KH0047,1
672,KH0151,1
675,KH0005,1
677,KH0151,1
679,KH0047,1
680,KH0095,1
684,KH0012,1
699,KH0055,1
700,KH0149,1
708,KH0041,1
714,KH0041,1
717,KH0151,1
725,KH0055,1
726,KH0047,1
736,KH0149,1
737,KH0048,1
744,KH0151,1
746,KH0012,1
747,KH0048,1
753,KH0149,1
759,KH0041,1
761,KH0047,1
770,KH0012,1
779,KH0005,1
782,KH0048,1
784,KH0095,1
785,KH0047,1
788,KH0048,1
796,KH0047,1
804,KH0005,1
808,KH0031,1
809,KH0031,1
810,KH0030,1
818,KH0048,1
819,KH0048,1
820,KH0151,1
823,KH0151,1
829,KH0041,1
833,KH0041,1
835,KH0151,1
838,KH0047,1
847,KH0151,1
851,KH0048,1
853,KH0031,1
855,KH0030,1
860,KH0047,1
862,KH0005,1
866,KH0030,1
867,KH0048,1
869,KH0041,1
874,KH0095,1
879,KH0151,1
880,KH0151,1
882,KH0041,1
889,KH0041,1
892,KH0149,1
896,KH0030,1
898,KH0031,1
899,KH0005,1
900,KH0055,1
902,KH0048,1
903,KH0047,1
905,KH0041,1
907,KH0047,1
911,KH0151,1
912,KH0048,1
915,KH0041,1
922,KH0151,1
927,KH0048,1
928,KH0151,1
932,KH0048,1
935,KH0047,1
936,KH0041,1
941,KH0151,1
4,KH0081,2
7,KH0081,2
10,KH0081,2
14,KH0081,2
20,KH0081,2
40,KH0081,2
42,KH0081,2
45,KH0081,2
57,KH0081,2
60,KH0081,2
67,KH0081,2
71,KH0081,2
72,KH0081,2
75,KH0081,2
76,KH0081,2
79,KH0081,2
82,KH0028,2
86,KH0081,2
89,KH0081,2
94,KH0081,2
99,KH0028,2
109,KH0081,2
114,KH0081,2
123,KH0081,2
124,KH0081,2
126,KH0028,2
128,KH0028,2
131,KH0081,2
139,KH0081,2
154,KH0028,2
159,KH0114,2
160,KH0171,2
162,KH0053,2
163,KH0114,2
164,KH0053,2
166,KH0099,2
167,KH0113,2
173,KH0114,2
174,KH0115,2
181,KH0114,2
183,KH0114,2
185,KH0113,2
186,KH0113,2
191,KH0114,2
194,KH0113,2
195,KH0171,2
197,KH0113,2
199,KH0115,2
203,KH0053,2
204,KH0099,2
205,KH0115,2
211,KH0114,2
214,KH0114,2
215,KH0113,2
217,KH0053,2
227,KH0115,2
228,KH0114,2
229,KH0099,2
238,KH0099,2
240,KH0099,2
243,KH0114,2
249,KH0114,2
254,KH0052,2
256,KH0114,2
262,KH0113,2
263,KH0099,2
265,KH0115,2
266,KH0114,2
268,KH0053,2
269,KH0113,2
271,KH0115,2
274,KH0115,2
279,KH0115,2
280,KH0052,2
283,KH0115,2
284,KH0115,2
286,KH0114,2
289,KH0099,2
290,KH0114,2
291,KH0115,2
298,KH0114,2
301,KH0114,2
306,KH0053,2
309,KH0114,2
310,KH0114,2
311,KH0114,2
313,KH0114,2
315,KH0099,2
317,KH0114,2
318,KH0114,2
319,KH0099,2
324,KH0114,2
325,KH0053,2
326,KH0115,2
327,KH0115,2
333,KH0171,2
335,KH0114,2
336,KH0114,2
337,KH0114,2
338,KH0053,2
340,KH0112,2
342,KH0099,2
345,KH0052,2
348,KH0053,2
351,KH0099,2
352,KH0114,2
356,KH0115,2
358,KH0114,2
359,KH0115,2
360,KH0113,2
361,KH0099,2
362,KH0115,2
366,KH0099,2
368,KH0099,2
370,KH0115,2
371,KH0115,2
374,KH0114,2
376,KH0171,2
377,KH0114,2
378,KH0114,2
380,KH0115,2
388,KH0114,2
394,KH0114,2
396,KH0114,2
397,KH0115,2
399,KH0115,2
401,KH0099,2
406,KH0099,2
407,KH0114,2
410,KH0114,2
414,KH0113,2
416,KH0099,2
417,KH0099,2
421,KH0052,2
422,KH0115,2
424,KH0112,2
426,KH0099,2
427,KH0099,2
428,KH0099,2
429,KH0114,2
432,KH0113,2
434,KH0099,2
437,KH0114,2
438,KH0114,2
441,KH0115,2
442,KH0171,2
443,KH0114,2
446,KH0115,2
448,KH0114,2
451,KH0052,2
452,KH0114,2
454,KH0171,2
458,KH0171,2
459,KH0114,2
463,KH0099,2
465,KH0114,2
468,KH0114,2
469,KH0115,2
470,KH0053,2
471,KH0115,2
473,KH0115,2
474,KH0112,2
475,KH0113,2
476,KH0114,2
477,KH0171,2
480,KH0099,2
486,KH0114,2
487,KH0115,2
497,KH0114,2
505,KH0114,2
508,KH0171,2
509,KH0171,2
510,KH0114,2
512,KH0099,2
514,KH0114,2
516,KH0099,2
517,KH0113,2
521,KH0114,2
523,KH0114,2
524,KH0114,2
528,KH0114,2
530,KH0115,2
534,KH0171,2
536,KH0114,2
538,KH0113,2
544,KH0114,2
545,KH0114,2
547,KH0114,2
549,KH0113,2
551,KH0053,2
552,KH0052,2
554,KH0053,2
555,KH0099,2
558,KH0115,2
559,KH0112,2
562,KH0114,2
565,KH0053,2
567,KH0114,2
570,KH0114,2
571,KH0052,2
573,KH0099,2
581,KH0114,2
582,KH0115,2
583,KH0115,2
589,KH0114,2
590,KH0053,2
594,KH0114,2
597,KH0113,2
598,KH0113,2
600,KH0115,2
601,KH0052,2
602,KH0053,2
606,KH0115,2
610,KH0114,2
611,KH0171,2
615,KH0052,2
616,KH0113,2
620,KH0114,2
622,KH0171,2
623,KH0115,2
627,KH0115,2
630,KH0115,2
633,KH0099,2
634,KH0114,2
637,KH0099,2
641,KH0115,2
642,KH0099,2
643,KH0114,2
645,KH0171,2
646,KH0114,2
649,KH0053,2
651,KH0099,2
662,KH0115,2
666,KH0113,2
669,KH0099,2
673,KH0113,2
674,KH0113,2
677,KH0099,2
679,KH0099,2
680,KH0114,2
681,KH0114,2
682,KH0171,2
684,KH0115,2
686,KH0112,2
687,KH0099,2
688,KH0115,2
689,KH0115,2
690,KH0114,2
691,KH0114,2
692,KH0112,2
707,KH0053,2
713,KH0052,2
721,KH0114,2
723,KH0053,2
727,KH0053,2
729,KH0099,2
731,KH0114,2
732,KH0099,2
735,KH0053,2
736,KH0114,2
739,KH0112,2
740,KH0112,2
742,KH0115,2
746,KH0112,2
749,KH0115,2
751,KH0099,2
752,KH0114,2
755,KH0171,2
758,KH0052,2
759,KH0052,2
763,KH0052,2
769,KH0053,2
770,KH0113,2
773,KH0052,2
781,KH0099,2
784,KH0113,2
786,KH0053,2
789,KH0114,2
794,KH0053,2
797,KH0053,2
799,KH0053,2
800,KH0115,2
801,KH0053,2
804,KH0114,2
806,KH0053,2
811,KH0053,2
813,KH0053,2
815,KH0113,2
819,KH0053,2
820,KH0099,2
828,KH0114,2
829,KH0052,2
832,KH0052,2
834,KH0052,2
835,KH0099,2
837,KH0052,2
838,KH0052,2
839,KH0052,2
850,KH0053,2
851,KH0052,2
854,KH0028,2
855,KH0081,2
856,KH0171,2
857,KH0115,2
858,KH0113,2
860,KH0052,2
861,KH0114,2
864,KH0053,2
870,KH0113,2
871,KH0028,2
872,KH0113,2
876,KH0053,2
877,KH0099,2
880,KH0099,2
881,KH0114,2
884,KH0112,2
886,KH0113,2
891,KH0114,2
892,KH0114,2
895,KH0099,2
897,KH0099,2
901,KH0115,2
904,KH0171,2
906,KH0099,2
908,KH0052,2
910,KH0052,2
911,KH0099,2
923,KH0112,2
925,KH0114,2
926,KH0053,2
929,KH0099,2
932,KH0053,2
935,KH0053,2
936,KH0099,2
937,KH0114,2
938,KH0053,2
939,KH0053,2
5,KH0173,3
7,KH0173,3
12,KH0173,3
13,KH0173,3
15,KH0173,3
22,KH0173,3
24,KH0173,3
32,KH0173,3
34,KH0173,3
38,KH0173,3
40,KH0173,3
41,KH0173,3
47,KH0173,3
51,KH0173,3
53,KH0173,3
59,KH0173,3
61,KH0173,3
63,KH0173,3
66,KH0173,3
68,KH0173,3
74,KH0173,3
75,KH0173,3
76,KH0173,3
77,KH0173,3
78,KH0173,3
79,KH0173,3
84,KH0173,3
87,KH0173,3
90,KH0173,3
95,KH0173,3
96,KH0173,3
107,KH0173,3
109,KH0173,3
110,KH0173,3
111,KH0173,3
114,KH0173,3
122,KH0173,3
125,KH0173,3
128,KH0173,3
130,KH0173,3
131,KH0173,3
135,KH0173,3
140,KH0173,3
141,KH0173,3
163,KH0082,3
169,KH0054,3
170,KH0004,3
172,KH0123,3
173,KH0143,3
175,KH0143,3
176,KH0004,3
180,KH0023,3
183,KH0143,3
186,KH0143,3
190,KH0143,3
192,KH0123,3
193,KH0143,3
196,KH0138,3
201,KH0036,3
207,KH0181,3
208,KH0123,3
209,KH0004,3
210,KH0054,3
211,KH0143,3
216,KH0023,3
219,KH0123,3
225,KH0123,3
226,KH0004,3
229,KH0143,3
232,KH0181,3
237,KH0004,3
238,KH0004,3
241,KH0147,3
244,KH0123,3
247,KH0123,3
252,KH0138,3
253,KH0181,3
256,KH0138,3
259,KH0096,3
260,KH0023,3
261,KH0123,3
266,KH0123,3
269,KH0173,3
279,KH0082,3
281,KH0054,3
290,KH0143,3
293,KH0054,3
294,KH0054,3
301,KH0123,3
302,KH0096,3
305,KH0173,3
307,KH0181,3
309,KH0143,3
310,KH0022,3
314,KH0023,3
318,KH0082,3
324,KH0143,3
325,KH0023,3
326,KH0143,3
329,KH0004,3
330,KH0004,3
337,KH0054,3
338,KH0004,3
340,KH0036,3
343,KH0036,3
346,KH0082,3
348,KH0004,3
349,KH0004,3
357,KH0004,3
360,KH0022,3
362,KH0022,3
365,KH0082,3
369,KH0054,3
376,KH0036,3
378,KH0143,3
387,KH0004,3
391,KH0054,3
392,KH0082,3
398,KH0123,3
400,KH0082,3
402,KH0004,3
404,KH0004,3
408,KH0082,3
409,KH0181,3
410,KH0147,3
412,KH0123,3
417,KH0004,3
419,KH0096,3
420,KH0147,3
426,KH0004,3
429,KH0143,3
431,KH0022,3
435,KH0022,3
445,KH0138,3
446,KH0082,3
454,KH0123,3
455,KH0096,3
456,KH0004,3
463,KH0123,3
465,KH0022,3
469,KH0082,3
470,KH0147,3
479,KH0123,3
482,KH0054,3
483,KH0123,3
486,KH0147,3
489,KH0004,3
491,KH0004,3
493,KH0082,3
495,KH0181,3
498,KH0004,3
499,KH0147,3
501,KH0181,3
502,KH0004,3
508,KH0143,3
509,KH0147,3
510,KH0054,3
515,KH0143,3
516,KH0181,3
517,KH0054,3
521,KH0143,3
524,KH0143,3
525,KH0082,3
527,KH0173,3
530,KH0082,3
535,KH0181,3
538,KH0022,3
541,KH0123,3
544,KH0022,3
547,KH0143,3
548,KH0022,3
550,KH0054,3
553,KH0054,3
558,KH0143,3
568,KH0096,3
570,KH0147,3
572,KH0138,3
574,KH0138,3
578,KH0096,3
579,KH0004,3
581,KH0082,3
583,KH0082,3
586,KH0123,3
589,KH0036,3
590,KH0004,3
597,KH0147,3
605,KH0004,3
607,KH0054,3
609,KH0004,3
612,KH0022,3
613,KH0054,3
615,KH0181,3
618,KH0054,3
626,KH0181,3
627,KH0082,3
630,KH0082,3
632,KH0082,3
634,KH0004,3
635,KH0181,3
638,KH0004,3
641,KH0082,3
643,KH0022,3
644,KH0004,3
645,KH0147,3
647,KH0004,3
648,KH0181,3
650,KH0138,3
655,KH0082,3
659,KH0036,3
662,KH0082,3
667,KH0123,3
669,KH0004,3
674,KH0082,3
676,KH0138,3
688,KH0082,3
689,KH0082,3
691,KH0082,3
704,KH0004,3
706,KH0181,3
711,KH0181,3
712,KH0004,3
721,KH0082,3
722,KH0138,3
731,KH0082,3
732,KH0004,3
733,KH0054,3
742,KH0082,3
743,KH0082,3
745,KH0181,3
752,KH0181,3
758,KH0082,3
761,KH0004,3
764,KH0143,3
766,KH0054,3
770,KH0147,3
773,KH0004,3
774,KH0181,3
778,KH0181,3
779,KH0054,3
780,KH0096,3
784,KH0082,3
787,KH0023,3
789,KH0022,3
795,KH0138,3
797,KH0147,3
800,KH0082,3
805,KH0143,3
806,KH0147,3
809,KH0173,3
813,KH0147,3
815,KH0082,3
818,KH0181,3
819,KH0181,3
826,KH0147,3
846,KH0138,3
856,KH0004,3
857,KH0082,3
864,KH0147,3
866,KH0022,3
867,KH0004,3
870,KH0082,3
874,KH0082,3
875,KH0004,3
881,KH0022,3
888,KH0054,3
891,KH0143,3
892,KH0143,3
901,KH0143,3
902,KH0004,3
916,KH0004,3
932,KH0181,3
938,KH0138,3
3,KH0131,4
10,KH0131,4
11,KH0131,4
17,KH0131,4
23,KH0132,4
28,KH0132,4
30,KH0131,4
31,KH0132,4
33,KH0131,4
35,KH0131,4
36,KH0131,4
40,KH0131,4
41,KH0132,4
42,KH0131,4
43,KH0132,4
46,KH0131,4
48,KH0131,4
49,KH0132,4
50,KH0131,4
53,KH0131,4
54,KH0132,4
61,KH0131,4
66,KH0131,4
69,KH0131,4
70,KH0131,4
72,KH0131,4
73,KH0131,4
74,KH0132,4
79,KH0132,4
81,KH0132,4
82,KH0131,4
83,KH0131,4
85,KH0131,4
86,KH0131,4
88,KH0131,4
89,KH0131,4
90,KH0132,4
92,KH0131,4
93,KH0131,4
95,KH0132,4
97,KH0131,4
99,KH0131,4
100,KH0131,4
102,KH0132,4
103,KH0131,4
107,KH0131,4
108,KH0131,4
109,KH0132,4
110,KH0131,4
114,KH0131,4
115,KH0131,4
116,KH0131,4
118,KH0131,4
119,KH0131,4
120,KH0131,4
122,KH0131,4
126,KH0131,4
129,KH0131,4
132,KH0131,4
135,KH0131,4
137,KH0132,4
138,KH0131,4
140,KH0131,4
143,KH0131,4
145,KH0131,4
148,KH0132,4
149,KH0131,4
154,KH0131,4
155,KH0131,4
157,KH0132,4
158,KH0132,4
167,KH0069,4
168,KH0118,4
169,KH0118,4
170,KH0102,4
171,KH0118,4
172,KH0116,4
174,KH0137,4
175,KH0118,4
176,KH0118,4
178,KH0118,4
179,KH0102,4
185,KH0032,4
186,KH0136,4
187,KH0102,4
193,KH0032,4
195,KH0118,4
196,KH0118,4
197,KH0032,4
198,KH0118,4
204,KH0102,4
206,KH0102,4
208,KH0118,4
209,KH0118,4
210,KH0136,4
211,KH0069,4
212,KH0118,4
215,KH0069,4
216,KH0118,4
218,KH0102,4
221,KH0102,4
222,KH0102,4
224,KH0118,4
225,KH0102,4
227,KH0069,4
228,KH0136,4
229,KH0102,4
230,KH0118,4
234,KH0118,4
236,KH0102,4
237,KH0102,4
241,KH0116,4
244,KH0118,4
245,KH0032,4
246,KH0102,4
247,KH0118,4
251,KH0118,4
254,KH0118,4
255,KH0118,4
257,KH0118,4
259,KH0118,4
260,KH0116,4
261,KH0118,4
262,KH0032,4
264,KH0118,4
265,KH0137,4
267,KH0137,4
269,KH0137,4
271,KH0137,4
272,KH0102,4
274,KH0137,4
275,KH0102,4
276,KH0118,4
278,KH0102,4
279,KH0137,4
284,KH0137,4
285,KH0118,4
286,KH0136,4
287,KH0118,4
289,KH0102,4
291,KH0137,4
292,KH0116,4
293,KH0136,4
294,KH0032,4
295,KH0118,4
296,KH0118,4
297,KH0102,4
298,KH0137,4
299,KH0102,4
300,KH0116,4
302,KH0118,4
303,KH0118,4
304,KH0102,4
306,KH0116,4
308,KH0032,4
309,KH0137,4
310,KH0136,4
315,KH0102,4
316,KH0118,4
317,KH0136,4
318,KH0069,4
320,KH0102,4
321,KH0137,4
322,KH0102,4
323,KH0102,4
327,KH0136,4
328,KH0032,4
331,KH0118,4
332,KH0102,4
334,KH0116,4
335,KH0137,4
336,KH0137,4
339,KH0118,4
344,KH0118,4
347,KH0118,4
348,KH0118,4
349,KH0118,4
350,KH0118,4
352,KH0137,4
353,KH0118,4
354,KH0118,4
355,KH0102,4
356,KH0137,4
358,KH0102,4
359,KH0137,4
362,KH0136,4
366,KH0102,4
367,KH0118,4
369,KH0102,4
372,KH0102,4
376,KH0118,4
378,KH0069,4
379,KH0102,4
380,KH0069,4
381,KH0102,4
382,KH0102,4
388,KH0069,4
390,KH0102,4
393,KH0069,4
394,KH0137,4
395,KH0102,4
396,KH0137,4
397,KH0137,4
398,KH0118,4
399,KH0137,4
400,KH0137,4
402,KH0118,4
403,KH0102,4
404,KH0118,4
411,KH0118,4
412,KH0118,4
414,KH0032,4
415,KH0102,4
416,KH0102,4
417,KH0102,4
418,KH0118,4
421,KH0118,4
422,KH0137,4
423,KH0118,4
425,KH0102,4
426,KH0102,4
427,KH0102,4
429,KH0137,4
430,KH0118,4
431,KH0136,4
432,KH0137,4
433,KH0118,4
435,KH0032,4
437,KH0137,4
438,KH0069,4
439,KH0102,4
441,KH0137,4
442,KH0118,4
446,KH0137,4
447,KH0118,4
448,KH0137,4
449,KH0116,4
451,KH0102,4
452,KH0069,4
453,KH0032,4
454,KH0118,4
455,KH0116,4
457,KH0102,4
459,KH0136,4
463,KH0102,4
464,KH0102,4
466,KH0116,4
469,KH0136,4
473,KH0069,4
478,KH0102,4
479,KH0102,4
481,KH0102,4
482,KH0102,4
483,KH0118,4
484,KH0102,4
485,KH0118,4
492,KH0118,4
493,KH0118,4
495,KH0102,4
497,KH0137,4
500,KH0102,4
503,KH0118,4
504,KH0118,4
505,KH0069,4
506,KH0118,4
508,KH0118,4
510,KH0069,4
511,KH0102,4
513,KH0102,4
515,KH0102,4
517,KH0032,4
520,KH0102,4
521,KH0137,4
522,KH0118,4
523,KH0137,4
528,KH0137,4
529,KH0102,4
530,KH0137,4
531,KH0118,4
533,KH0102,4
534,KH0118,4
536,KH0137,4
538,KH0069,4
540,KH0118,4
541,KH0118,4
543,KH0116,4
545,KH0137,4
546,KH0102,4
548,KH0137,4
549,KH0032,4
551,KH0069,4
554,KH0102,4
557,KH0102,4
560,KH0102,4
561,KH0118,4
562,KH0137,4
563,KH0102,4
564,KH0118,4
566,KH0137,4
568,KH0118,4
569,KH0102,4
572,KH0118,4
575,KH0118,4
578,KH0118,4
579,KH0102,4
580,KH0102,4
582,KH0069,4
583,KH0069,4
584,KH0102,4
585,KH0118,4
586,KH0118,4
587,KH0102,4
588,KH0102,4
590,KH0102,4
592,KH0118,4
593,KH0118,4
596,KH0118,4
599,KH0118,4
603,KH0118,4
604,KH0102,4
607,KH0102,4
608,KH0102,4
611,KH0118,4
612,KH0136,4
613,KH0102,4
616,KH0032,4
617,KH0118,4
618,KH0118,4
619,KH0069,4
622,KH0118,4
623,KH0137,4
627,KH0069,4
628,KH0118,4
630,KH0137,4
632,KH0136,4
635,KH0118,4
637,KH0102,4
641,KH0136,4
645,KH0116,4
646,KH0136,4
647,KH0102,4
650,KH0118,4
652,KH0118,4
653,KH0118,4
654,KH0118,4
658,KH0118,4
660,KH0118,4
661,KH0102,4
662,KH0069,4
663,KH0102,4
666,KH0069,4
669,KH0102,4
670,KH0118,4
671,KH0102,4
673,KH0137,4
675,KH0118,4
676,KH0118,4
681,KH0137,4
682,KH0118,4
684,KH0137,4
686,KH0032,4
688,KH0069,4
689,KH0137,4
690,KH0136,4
693,KH0102,4
695,KH0102,4
700,KH0118,4
702,KH0102,4
705,KH0102,4
706,KH0102,4
708,KH0118,4
710,KH0102,4
711,KH0102,4
712,KH0102,4
713,KH0102,4
716,KH0102,4
717,KH0102,4
721,KH0069,4
722,KH0116,4
723,KH0118,4
724,KH0102,4
726,KH0102,4
727,KH0102,4
728,KH0102,4
729,KH0102,4
730,KH0118,4
731,KH0136,4
732,KH0102,4
736,KH0069,4
738,KH0102,4
739,KH0032,4
740,KH0032,4
741,KH0102,4
743,KH0069,4
747,KH0118,4
753,KH0118,4
756,KH0102,4
757,KH0116,4
760,KH0118,4
762,KH0069,4
764,KH0069,4
767,KH0118,4
770,KH0131,4
780,KH0118,4
781,KH0118,4
786,KH0118,4
787,KH0118,4
788,KH0102,4
791,KH0116,4
794,KH0118,4
797,KH0118,4
799,KH0118,4
800,KH0137,4
802,KH0118,4
803,KH0116,4
806,KH0118,4
815,KH0136,4
817,KH0102,4
818,KH0118,4
820,KH0102,4
821,KH0102,4
826,KH0116,4
829,KH0102,4
831,KH0102,4
832,KH0102,4
833,KH0102,4
835,KH0102,4
838,KH0102,4
842,KH0102,4
843,KH0102,4
848,KH0102,4
852,KH0102,4
853,KH0132,4
854,KH0131,4
856,KH0116,4
858,KH0069,4
861,KH0032,4
863,KH0116,4
864,KH0116,4
865,KH0069,4
866,KH0136,4
868,KH0102,4
870,KH0136,4
871,KH0132,4
872,KH0032,4
875,KH0102,4
879,KH0102,4
880,KH0102,4
883,KH0116,4
888,KH0118,4
889,KH0102,4
890,KH0102,4
891,KH0132,4
894,KH0102,4
895,KH0102,4
897,KH0102,4
899,KH0116,4
900,KH0116,4
906,KH0102,4
907,KH0118,4
909,KH0102,4
914,KH0116,4
916,KH0102,4
917,KH0102,4
918,KH0102,4
920,KH0102,4
921,KH0118,4
922,KH0102,4
923,KH0136,4
925,KH0136,4
928,KH0102,4
929,KH0102,4
930,KH0102,4
937,KH0069,4
938,KH0116,4
939,KH0118,4
941,KH0102,4
2,KH0079,5
5,KH0079,5
6,KH0079,5
8,KH0079,5
16,KH0079,5
17,KH0079,5
18,KH0079,5
21,KH0079,5
22,KH0079,5
23,KH0079,5
27,KH0079,5
29,KH0079,5
30,KH0079,5
33,KH0079,5
36,KH0079,5
37,KH0079,5
38,KH0079,5
39,KH0079,5
41,KH0079,5
43,KH0079,5
44,KH0079,5
47,KH0079,5
48,KH0079,5
52,KH0079,5
54,KH0079,5
55,KH0079,5
62,KH0015,5
65,KH0079,5
69,KH0015,5
74,KH0079,5
80,KH0079,5
81,KH0079,5
84,KH0015,5
85,KH0079,5
91,KH0079,5
97,KH0015,5
98,KH0079,5
102,KH0079,5
104,KH0079,5
107,KH0079,5
108,KH0079,5
110,KH0079,5
115,KH0015,5
116,KH0079,5
118,KH0079,5
119,KH0079,5
120,KH0079,5
121,KH0079,5
125,KH0015,5
129,KH0079,5
130,KH0079,5
133,KH0079,5
136,KH0079,5
137,KH0079,5
140,KH0079,5
141,KH0079,5
143,KH0079,5
144,KH0079,5
146,KH0079,5
147,KH0079,5
148,KH0079,5
152,KH0079,5
157,KH0079,5
158,KH0079,5
160,KH0035,5
161,KH0088,5
162,KH0088,5
169,KH0148,5
171,KH0148,5
176,KH0148,5
177,KH0079,5
178,KH0148,5
179,KH0148,5
181,KH0134,5
185,KH0078,5
186,KH0078,5
190,KH0148,5
191,KH0148,5
193,KH0134,5
194,KH0134,5
195,KH0148,5
196,KH0148,5
198,KH0078,5
199,KH0079,5
200,KH0065,5
203,KH0065,5
208,KH0148,5
210,KH0015,5
212,KH0148,5
214,KH0134,5
215,KH0135,5
219,KH0065,5
221,KH0088,5
224,KH0148,5
225,KH0127,5
227,KH0135,5
230,KH0148,5
234,KH0148,5
243,KH0134,5
244,KH0078,5
245,KH0135,5
249,KH0135,5
256,KH0148,5
257,KH0148,5
261,KH0148,5
262,KH0079,5
264,KH0148,5
272,KH0065,5
277,KH0079,5
281,KH0148,5
283,KH0135,5
284,KH0079,5
285,KH0148,5
286,KH0079,5
287,KH0065,5
290,KH0134,5
293,KH0015,5
294,KH0134,5
295,KH0148,5
303,KH0061,5
304,KH0061,5
306,KH0148,5
307,KH0061,5
311,KH0135,5
312,KH0088,5
313,KH0135,5
315,KH0065,5
316,KH0148,5
317,KH0078,5
318,KH0134,5
321,KH0015,5
331,KH0148,5
333,KH0065,5
334,KH0148,5
337,KH0148,5
339,KH0148,5
341,KH0065,5
342,KH0065,5
344,KH0148,5
347,KH0148,5
348,KH0061,5
349,KH0148,5
357,KH0088,5
358,KH0065,5
360,KH0078,5
365,KH0134,5
369,KH0148,5
370,KH0135,5
373,KH0015,5
374,KH0135,5
375,KH0088,5
376,KH0127,5
377,KH0134,5
378,KH0135,5
379,KH0061,5
381,KH0088,5
384,KH0134,5
388,KH0135,5
391,KH0065,5
392,KH0078,5
398,KH0148,5
404,KH0148,5
407,KH0135,5
409,KH0148,5
412,KH0148,5
414,KH0135,5
415,KH0065,5
416,KH0148,5
418,KH0148,5
419,KH0148,5
420,KH0035,5
425,KH0148,5
427,KH0065,5
430,KH0148,5
431,KH0015,5
432,KH0078,5
433,KH0148,5
435,KH0135,5
438,KH0135,5
440,KH0148,5
442,KH0148,5
443,KH0134,5
444,KH0127,5
447,KH0148,5
452,KH0134,5
453,KH0134,5
454,KH0148,5
456,KH0035,5
457,KH0088,5
458,KH0148,5
461,KH0061,5
465,KH0134,5
471,KH0135,5
472,KH0065,5
474,KH0035,5
475,KH0134,5
477,KH0061,5
479,KH0088,5
481,KH0148,5
487,KH0135,5
488,KH0134,5
492,KH0148,5
493,KH0148,5
499,KH0035,5
501,KH0065,5
503,KH0148,5
505,KH0134,5
506,KH0127,5
510,KH0134,5
514,KH0135,5
517,KH0135,5
525,KH0134,5
533,KH0148,5
534,KH0148,5
535,KH0088,5
538,KH0134,5
540,KH0148,5
541,KH0148,5
542,KH0078,5
544,KH0134,5
547,KH0134,5
549,KH0135,5
551,KH0148,5
553,KH0148,5
554,KH0088,5
557,KH0148,5
559,KH0135,5
560,KH0061,5
563,KH0088,5
566,KH0078,5
567,KH0135,5
573,KH0088,5
575,KH0148,5
578,KH0148,5
582,KH0135,5
593,KH0148,5
594,KH0135,5
596,KH0135,5
599,KH0148,5
607,KH0148,5
609,KH0088,5
610,KH0134,5
611,KH0148,5
612,KH0015,5
616,KH0135,5
617,KH0148,5
619,KH0078,5
622,KH0148,5
625,KH0061,5
627,KH0134,5
629,KH0035,5
639,KH0088,5
642,KH0088,5
643,KH0134,5
644,KH0088,5
650,KH0148,5
653,KH0148,5
654,KH0148,5
657,KH0035,5
659,KH0134,5
660,KH0148,5
661,KH0148,5
662,KH0134,5
664,KH0088,5
670,KH0148,5
674,KH0134,5
682,KH0148,5
683,KH0035,5
687,KH0088,5
704,KH0088,5
705,KH0088,5
714,KH0061,5
717,KH0148,5
718,KH0065,5
720,KH0061,5
721,KH0134,5
730,KH0061,5
731,KH0078,5
733,KH0035,5
739,KH0134,5
740,KH0134,5
744,KH0088,5
745,KH0035,5
746,KH0078,5
750,KH0035,5
755,KH0035,5
757,KH0035,5
759,KH0088,5
760,KH0148,5
762,KH0078,5
763,KH0088,5
764,KH0148,5
770,KH0035,5
775,KH0035,5
776,KH0035,5
777,KH0061,5
779,KH0035,5
780,KH0148,5
783,KH0148,5
784,KH0134,5
786,KH0148,5
789,KH0134,5
790,KH0035,5
792,KH0035,5
793,KH0065,5
801,KH0088,5
809,KH0079,5
812,KH0135,5
813,KH0088,5
816,KH0088,5
818,KH0065,5
822,KH0035,5
823,KH0088,5
825,KH0065,5
833,KH0061,5
835,KH0061,5
840,KH0148,5
847,KH0148,5
849,KH0061,5
853,KH0015,5
857,KH0134,5
859,KH0035,5
861,KH0135,5
873,KH0088,5
874,KH0078,5
883,KH0035,5
884,KH0065,5
896,KH0079,5
899,KH0035,5
901,KH0135,5
904,KH0127,5
912,KH0061,5
913,KH0088,5
918,KH0061,5
919,KH0061,5
921,KH0065,5
923,KH0078,5
924,KH0127,5
927,KH0061,5
937,KH0134,5
940,KH0088,5
1,KH0091,6
6,KH0159,6
20,KH0159,6
23,KH0159,6
28,KH0159,6
31,KH0159,6
45,KH0091,6
49,KH0159,6
53,KH0091,6
56,KH0159,6
57,KH0091,6
58,KH0159,6
60,KH0091,6
64,KH0159,6
65,KH0159,6
68,KH0091,6
71,KH0159,6
79,KH0091,6
86,KH0091,6
92,KH0091,6
94,KH0159,6
96,KH0159,6
100,KH0159,6
103,KH0091,6
116,KH0159,6
123,KH0091,6
132,KH0159,6
134,KH0159,6
135,KH0091,6
146,KH0091,6
151,KH0159,6
152,KH0091,6
157,KH0159,6
158,KH0159,6
160,KH0159,6
161,KH0165,6
163,KH0170,6
167,KH0162,6
170,KH0101,6
173,KH0084,6
177,KH0083,6
179,KH0101,6
180,KH0014,6
181,KH0084,6
183,KH0084,6
184,KH0101,6
185,KH0162,6
187,KH0101,6
189,KH0091,6
193,KH0162,6
194,KH0162,6
197,KH0014,6
199,KH0083,6
201,KH0014,6
204,KH0101,6
205,KH0084,6
210,KH0016,6
211,KH0083,6
214,KH0162,6
215,KH0170,6
216,KH0057,6
217,KH0165,6
225,KH0101,6
228,KH0084,6
230,KH0014,6
236,KH0101,6
237,KH0101,6
243,KH0084,6
249,KH0083,6
255,KH0101,6
260,KH0014,6
266,KH0014,6
272,KH0101,6
274,KH0084,6
275,KH0101,6
278,KH0101,6
280,KH0117,6
283,KH0084,6
284,KH0083,6
286,KH0083,6
288,KH0101,6
290,KH0083,6
292,KH0165,6
293,KH0016,6
294,KH0016,6
297,KH0101,6
298,KH0083,6
303,KH0101,6
304,KH0101,6
307,KH0165,6
308,KH0016,6
309,KH0083,6
310,KH0084,6
311,KH0170,6
313,KH0170,6
315,KH0101,6
317,KH0083,6
320,KH0101,6
322,KH0101,6
323,KH0101,6
324,KH0084,6
327,KH0083,6
328,KH0016,6
333,KH0117,6
334,KH0057,6
335,KH0083,6
336,KH0162,6
340,KH0057,6
346,KH0057,6
352,KH0084,6
353,KH0057,6
354,KH0101,6
356,KH0084,6
358,KH0101,6
359,KH0083,6
360,KH0016,6
361,KH0165,6
362,KH0083,6
366,KH0101,6
369,KH0101,6
370,KH0170,6
373,KH0083,6
374,KH0170,6
376,KH0014,6
377,KH0084,6
378,KH0083,6
379,KH0101,6
384,KH0162,6
388,KH0170,6
390,KH0101,6
391,KH0014,6
392,KH0016,6
393,KH0016,6
394,KH0084,6
396,KH0084,6
397,KH0170,6
402,KH0101,6
403,KH0101,6
406,KH0014,6
407,KH0083,6
413,KH0101,6
414,KH0162,6
415,KH0101,6
420,KH0117,6
421,KH0014,6
424,KH0117,6
425,KH0014,6
426,KH0101,6
427,KH0101,6
429,KH0083,6
431,KH0162,6
436,KH0101,6
437,KH0084,6
438,KH0083,6
443,KH0084,6
445,KH0117,6
448,KH0083,6
452,KH0083,6
453,KH0016,6
456,KH0014,6
457,KH0101,6
459,KH0084,6
461,KH0165,6
462,KH0101,6
463,KH0101,6
464,KH0101,6
465,KH0083,6
471,KH0170,6
474,KH0117,6
475,KH0057,6
477,KH0014,6
479,KH0101,6
481,KH0101,6
484,KH0101,6
487,KH0084,6
496,KH0014,6
497,KH0083,6
499,KH0117,6
501,KH0165,6
504,KH0014,6
505,KH0084,6
507,KH0165,6
510,KH0084,6
511,KH0101,6
513,KH0101,6
514,KH0170,6
515,KH0101,6
519,KH0101,6
520,KH0101,6
521,KH0083,6
523,KH0083,6
524,KH0162,6
525,KH0162,6
527,KH0083,6
528,KH0170,6
529,KH0165,6
530,KH0162,6
532,KH0016,6
533,KH0101,6
534,KH0014,6
536,KH0083,6
544,KH0083,6
545,KH0084,6
547,KH0083,6
548,KH0016,6
549,KH0170,6
557,KH0101,6
559,KH0117,6
560,KH0101,6
562,KH0083,6
566,KH0083,6
567,KH0084,6
568,KH0014,6
572,KH0165,6
574,KH0117,6
576,KH0057,6
580,KH0101,6
581,KH0170,6
582,KH0084,6
588,KH0101,6
591,KH0101,6
594,KH0170,6
596,KH0084,6
597,KH0014,6
598,KH0170,6
600,KH0162,6
605,KH0014,6
607,KH0101,6
608,KH0101,6
609,KH0165,6
612,KH0016,6
622,KH0014,6
626,KH0165,6
630,KH0170,6
632,KH0016,6
634,KH0117,6
637,KH0101,6
643,KH0162,6
644,KH0165,6
645,KH0014,6
646,KH0084,6
649,KH0165,6
650,KH0101,6
655,KH0016,6
656,KH0101,6
661,KH0101,6
663,KH0101,6
666,KH0159,6
672,KH0101,6
673,KH0083,6
674,KH0162,6
680,KH0084,6
681,KH0083,6
683,KH0057,6
686,KH0117,6
690,KH0084,6
691,KH0014,6
702,KH0101,6
703,KH0057,6
711,KH0101,6
721,KH0162,6
724,KH0101,6
725,KH0091,6
734,KH0165,6
735,KH0165,6
739,KH0162,6
740,KH0162,6
744,KH0101,6
745,KH0016,6
746,KH0016,6
751,KH0101,6
755,KH0117,6
756,KH0101,6
762,KH0014,6
775,KH0014,6
776,KH0014,6
778,KH0057,6
779,KH0014,6
783,KH0014,6
784,KH0162,6
786,KH0101,6
788,KH0101,6
789,KH0083,6
792,KH0014,6
808,KH0091,6
812,KH0016,6
815,KH0014,6
820,KH0101,6
828,KH0084,6
841,KH0014,6
851,KH0165,6
854,KH0091,6
855,KH0159,6
859,KH0117,6
861,KH0170,6
866,KH0170,6
870,KH0162,6
871,KH0162,6
872,KH0014,6
874,KH0016,6
876,KH0165,6
881,KH0014,6
884,KH0165,6
895,KH0101,6
906,KH0101,6
907,KH0014,6
916,KH0101,6
921,KH0165,6
925,KH0014,6
937,KH0083,6
938,KH0014,6
939,KH0101,6
2,KH0060,7
4,KH0060,7
10,KH0060,7
11,KH0060,7
32,KH0060,7
41,KH0060,7
42,KH0060,7
44,KH0060,7
47,KH0060,7
51,KH0060,7
52,KH0060,7
55,KH0060,7
57,KH0060,7
67,KH0060,7
74,KH0060,7
75,KH0060,7
79,KH0060,7
83,KH0060,7
89,KH0060,7
95,KH0060,7
96,KH0060,7
109,KH0060,7
122,KH0060,7
125,KH0060,7
130,KH0060,7
131,KH0060,7
137,KH0060,7
139,KH0060,7
143,KH0060,7
160,KH0141,7
163,KH0144,7
164,KH0010,7
169,KH0140,7
171,KH0140,7
172,KH0140,7
175,KH0141,7
181,KH0144,7
187,KH0010,7
191,KH0010,7
195,KH0141,7
201,KH0051,7
203,KH0010,7
207,KH0010,7
208,KH0140,7
226,KH0010,7
227,KH0144,7
228,KH0144,7
233,KH0010,7
241,KH0141,7
243,KH0144,7
245,KH0141,7
247,KH0141,7
251,KH0010,7
252,KH0051,7
254,KH0010,7
261,KH0141,7
262,KH0140,7
264,KH0141,7
268,KH0140,7
269,KH0144,7
271,KH0144,7
276,KH0140,7
278,KH0010,7
286,KH0144,7
292,KH0010,7
295,KH0141,7
301,KH0140,7
305,KH0141,7
307,KH0140,7
317,KH0144,7
321,KH0060,7
329,KH0010,7
335,KH0144,7
346,KH0051,7
350,KH0141,7
363,KH0010,7
365,KH0144,7
367,KH0140,7
368,KH0010,7
370,KH0144,7
374,KH0144,7
388,KH0144,7
398,KH0140,7
400,KH0144,7
403,KH0010,7
407,KH0144,7
410,KH0140,7
411,KH0051,7
417,KH0010,7
424,KH0051,7
437,KH0144,7
458,KH0141,7
469,KH0144,7
470,KH0140,7
473,KH0051,7
475,KH0144,7
477,KH0010,7
481,KH0010,7
485,KH0010,7
486,KH0141,7
488,KH0144,7
489,KH0010,7
491,KH0010,7
493,KH0144,7
495,KH0010,7
497,KH0144,7
499,KH0144,7
502,KH0010,7
503,KH0141,7
505,KH0144,7
508,KH0141,7
510,KH0144,7
516,KH0010,7
517,KH0141,7
520,KH0010,7
536,KH0144,7
538,KH0144,7
541,KH0140,7
544,KH0144,7
548,KH0144,7
550,KH0141,7
554,KH0010,7
557,KH0140,7
559,KH0144,7
564,KH0010,7
570,KH0141,7
575,KH0141,7
576,KH0051,7
583,KH0144,7
586,KH0140,7
589,KH0141,7
591,KH0010,7
592,KH0010,7
597,KH0144,7
598,KH0144,7
609,KH0010,7
618,KH0140,7
619,KH0144,7
634,KH0010,7
635,KH0141,7
641,KH0051,7
646,KH0144,7
652,KH0141,7
653,KH0141,7
654,KH0010,7
657,KH0051,7
659,KH0140,7
662,KH0144,7
667,KH0141,7
669,KH0010,7
673,KH0144,7
675,KH0140,7
676,KH0010,7
678,KH0051,7
682,KH0141,7
683,KH0051,7
689,KH0144,7
691,KH0144,7
692,KH0051,7
707,KH0010,7
712,KH0010,7
721,KH0144,7
730,KH0010,7
731,KH0144,7
733,KH0051,7
736,KH0141,7
749,KH0144,7
751,KH0010,7
770,KH0141,7
773,KH0010,7
776,KH0051,7
781,KH0010,7
787,KH0140,7
789,KH0144,7
790,KH0051,7
803,KH0010,7
805,KH0051,7
810,KH0060,7
815,KH0144,7
822,KH0141,7
823,KH0010,7
828,KH0144,7
840,KH0140,7
850,KH0010,7
858,KH0144,7
859,KH0144,7
860,KH0010,7
870,KH0144,7
875,KH0010,7
877,KH0010,7
879,KH0010,7
881,KH0144,7
884,KH0010,7
900,KH0010,7
912,KH0010,7
919,KH0140,7
923,KH0144,7
924,KH0141,7
925,KH0144,7
937,KH0144,7
2,KH0007,8
3,KH0006,8
9,KH0006,8
10,KH0006,8
11,KH0006,8
13,KH0007,8
18,KH0006,8
19,KH0007,8
25,KH0006,8
26,KH0007,8
28,KH0006,8
30,KH0007,8
31,KH0006,8
32,KH0007,8
33,KH0007,8
35,KH0007,8
36,KH0007,8
37,KH0007,8
39,KH0007,8
43,KH0006,8
45,KH0007,8
46,KH0007,8
47,KH0007,8
50,KH0006,8
54,KH0006,8
56,KH0006,8
62,KH0007,8
64,KH0007,8
67,KH0007,8
70,KH0006,8
72,KH0007,8
73,KH0006,8
76,KH0007,8
81,KH0006,8
83,KH0006,8
86,KH0007,8
88,KH0006,8
89,KH0007,8
93,KH0007,8
94,KH0007,8
97,KH0006,8
101,KH0007,8
102,KH0006,8
105,KH0007,8
112,KH0006,8
113,KH0006,8
114,KH0007,8
115,KH0007,8
117,KH0006,8
118,KH0006,8
127,KH0006,8
129,KH0006,8
132,KH0006,8
134,KH0006,8
138,KH0006,8
139,KH0007,8
142,KH0006,8
144,KH0006,8
145,KH0006,8
149,KH0007,8
150,KH0007,8
153,KH0006,8
155,KH0007,8
156,KH0007,8
160,KH0006,8
163,KH0063,8
166,KH0075,8
168,KH0074,8
182,KH0075,8
183,KH0129,8
184,KH0074,8
187,KH0075,8
192,KH0126,8
197,KH0129,8
203,KH0074,8
207,KH0128,8
211,KH0129,8
216,KH0129,8
220,KH0074,8
229,KH0172,8
230,KH0106,8
233,KH0075,8
235,KH0106,8
236,KH0128,8
237,KH0106,8
245,KH0128,8
246,KH0075,8
249,KH0106,8
253,KH0075,8
261,KH0106,8
271,KH0062,8
272,KH0106,8
274,KH0062,8
277,KH0046,8
279,KH0063,8
280,KH0074,8
286,KH0063,8
287,KH0172,8
288,KH0074,8
292,KH0075,8
294,KH0126,8
296,KH0062,8
304,KH0075,8
305,KH0007,8
309,KH0063,8
320,KH0075,8
324,KH0062,8
328,KH0126,8
333,KH0128,8
336,KH0062,8
343,KH0129,8
345,KH0074,8
346,KH0063,8
347,KH0075,8
348,KH0074,8
351,KH0106,8
352,KH0062,8
354,KH0074,8
357,KH0074,8
358,KH0063,8
362,KH0063,8
364,KH0074,8
369,KH0129,8
372,KH0074,8
375,KH0074,8
380,KH0128,8
387,KH0075,8
391,KH0129,8
393,KH0062,8
399,KH0126,8
408,KH0074,8
413,KH0075,8
416,KH0106,8
420,KH0172,8
422,KH0063,8
436,KH0046,8
438,KH0063,8
440,KH0075,8
442,KH0128,8
444,KH0074,8
445,KH0128,8
446,KH0062,8
448,KH0062,8
453,KH0126,8
454,KH0106,8
458,KH0172,8
460,KH0074,8
461,KH0074,8
464,KH0075,8
466,KH0075,8
469,KH0062,8
473,KH0129,8
476,KH0075,8
478,KH0075,8
489,KH0075,8
495,KH0075,8
497,KH0062,8
499,KH0007,8
500,KH0075,8
503,KH0106,8
504,KH0074,8
513,KH0075,8
524,KH0106,8
526,KH0075,8
529,KH0075,8
530,KH0062,8
532,KH0063,8
533,KH0106,8
534,KH0172,8
540,KH0128,8
541,KH0007,8
542,KH0106,8
543,KH0063,8
547,KH0063,8
548,KH0062,8
550,KH0075,8
553,KH0075,8
554,KH0074,8
556,KH0075,8
557,KH0106,8
558,KH0129,8
560,KH0075,8
562,KH0062,8
570,KH0074,8
577,KH0074,8
578,KH0075,8
581,KH0063,8
590,KH0074,8
591,KH0075,8
592,KH0075,8
593,KH0129,8
597,KH0007,8
598,KH0062,8
601,KH0075,8
602,KH0129,8
603,KH0075,8
608,KH0075,8
613,KH0074,8
617,KH0172,8
621,KH0074,8
625,KH0075,8
626,KH0074,8
630,KH0062,8
632,KH0126,8
635,KH0075,8
637,KH0075,8
641,KH0126,8
642,KH0074,8
648,KH0075,8
649,KH0074,8
653,KH0106,8
654,KH0106,8
668,KH0075,8
673,KH0062,8
680,KH0062,8
681,KH0063,8
683,KH0129,8
684,KH0063,8
686,KH0172,8
691,KH0129,8
694,KH0074,8
696,KH0074,8
701,KH0075,8
704,KH0075,8
707,KH0074,8
718,KH0074,8
721,KH0128,8
723,KH0075,8
726,KH0074,8
734,KH0075,8
735,KH0129,8
742,KH0129,8
744,KH0075,8
749,KH0063,8
753,KH0106,8
755,KH0128,8
756,KH0075,8
760,KH0172,8
761,KH0075,8
762,KH0126,8
763,KH0075,8
767,KH0129,8
774,KH0172,8
776,KH0172,8
783,KH0128,8
788,KH0074,8
790,KH0126,8
792,KH0128,8
795,KH0075,8
796,KH0074,8
800,KH0062,8
803,KH0075,8
807,KH0074,8
808,KH0006,8
811,KH0075,8
812,KH0128,8
813,KH0075,8
817,KH0074,8
819,KH0074,8
820,KH0075,8
830,KH0074,8
831,KH0074,8
834,KH0074,8
840,KH0129,8
841,KH0126,8
851,KH0075,8
857,KH0063,8
860,KH0074,8
861,KH0172,8
862,KH0075,8
867,KH0075,8
870,KH0062,8
871,KH0062,8
872,KH0062,8
882,KH0074,8
891,KH0046,8
892,KH0128,8
899,KH0106,8
900,KH0129,8
901,KH0172,8
902,KH0074,8
904,KH0172,8
905,KH0074,8
910,KH0074,8
912,KH0074,8
913,KH0074,8
919,KH0074,8
922,KH0075,8
923,KH0063,8
926,KH0074,8
927,KH0074,8
931,KH0074,8
939,KH0074,8
940,KH0074,8
1,KH0174,9
3,KH0174,9
5,KH0121,9
6,KH0121,9
8,KH0025,9
9,KH0025,9
12,KH0080,9
13,KH0080,9
14,KH0174,9
15,KH0080,9
16,KH0121,9
17,KH0121,9
19,KH0080,9
20,KH0121,9
21,KH0121,9
22,KH0121,9
23,KH0121,9
24,KH0121,9
25,KH0174,9
26,KH0080,9
27,KH0121,9
28,KH0080,9
29,KH0121,9
30,KH0121,9
31,KH0080,9
34,KH0121,9
36,KH0174,9
38,KH0121,9
39,KH0121,9
43,KH0121,9
46,KH0080,9
48,KH0121,9
49,KH0080,9
50,KH0174,9
54,KH0121,9
56,KH0080,9
58,KH0080,9
59,KH0025,9
60,KH0121,9
61,KH0080,9
62,KH0080,9
63,KH0025,9
64,KH0080,9
65,KH0025,9
69,KH0174,9
70,KH0174,9
71,KH0121,9
72,KH0121,9
73,KH0080,9
77,KH0025,9
78,KH0080,9
80,KH0025,9
81,KH0174,9
82,KH0174,9
85,KH0121,9
87,KH0025,9
88,KH0080,9
90,KH0121,9
91,KH0121,9
93,KH0080,9
94,KH0174,9
98,KH0174,9
99,KH0174,9
100,KH0080,9
101,KH0121,9
102,KH0174,9
103,KH0080,9
104,KH0174,9
105,KH0080,9
106,KH0080,9
108,KH0174,9
110,KH0121,9
111,KH0025,9
112,KH0174,9
113,KH0080,9
116,KH0121,9
117,KH0080,9
118,KH0121,9
119,KH0121,9
120,KH0121,9
121,KH0174,9
123,KH0174,9
124,KH0025,9
126,KH0174,9
127,KH0080,9
128,KH0080,9
129,KH0121,9
132,KH0174,9
133,KH0174,9
134,KH0080,9
136,KH0121,9
138,KH0174,9
141,KH0121,9
142,KH0174,9
144,KH0121,9
145,KH0121,9
146,KH0121,9
150,KH0080,9
151,KH0080,9
152,KH0121,9
153,KH0121,9
154,KH0174,9
156,KH0121,9
157,KH0121,9
158,KH0121,9
159,KH0037,9
160,KH0017,9
163,KH0034,9
164,KH0100,9
166,KH0100,9
171,KH0039,9
172,KH0037,9
173,KH0034,9
174,KH0034,9
175,KH0037,9
176,KH0037,9
178,KH0037,9
179,KH0039,9
181,KH0034,9
183,KH0034,9
186,KH0034,9
189,KH0037,9
194,KH0034,9
195,KH0037,9
196,KH0039,9
198,KH0039,9
199,KH0039,9
200,KH0100,9
201,KH0017,9
202,KH0037,9
205,KH0034,9
206,KH0100,9
208,KH0037,9
209,KH0037,9
212,KH0039,9
214,KH0034,9
216,KH0037,9
219,KH0037,9
222,KH0100,9
224,KH0037,9
229,KH0100,9
230,KH0037,9
231,KH0100,9
232,KH0100,9
234,KH0037,9
235,KH0100,9
236,KH0037,9
237,KH0039,9
238,KH0100,9
241,KH0037,9
243,KH0034,9
247,KH0037,9
249,KH0034,9
250,KH0037,9
251,KH0017,9
254,KH0037,9
256,KH0037,9
257,KH0037,9
259,KH0039,9
260,KH0039,9
261,KH0037,9
263,KH0100,9
264,KH0037,9
266,KH0039,9
267,KH0034,9
268,KH0039,9
269,KH0025,9
270,KH0100,9
271,KH0034,9
272,KH0037,9
273,KH0100,9
281,KH0037,9
282,KH0100,9
283,KH0034,9
287,KH0037,9
288,KH0100,9
289,KH0100,9
290,KH0039,9
291,KH0034,9
292,KH0037,9
293,KH0034,9
295,KH0037,9
296,KH0037,9
301,KH0037,9
302,KH0037,9
303,KH0037,9
310,KH0034,9
311,KH0034,9
313,KH0034,9
316,KH0037,9
317,KH0034,9
318,KH0039,9
319,KH0100,9
322,KH0037,9
323,KH0100,9
324,KH0034,9
326,KH0034,9
330,KH0039,9
331,KH0037,9
332,KH0100,9
333,KH0037,9
335,KH0034,9
337,KH0037,9
339,KH0037,9
342,KH0100,9
343,KH0017,9
344,KH0037,9
345,KH0100,9
346,KH0037,9
349,KH0039,9
351,KH0100,9
353,KH0037,9
355,KH0100,9
357,KH0100,9
358,KH0039,9
360,KH0034,9
361,KH0100,9
365,KH0034,9
367,KH0039,9
368,KH0100,9
370,KH0034,9
371,KH0039,9
373,KH0034,9
374,KH0034,9
377,KH0034,9
380,KH0034,9
382,KH0100,9
384,KH0034,9
386,KH0100,9
389,KH0100,9
391,KH0017,9
392,KH0034,9
393,KH0034,9
394,KH0034,9
395,KH0100,9
396,KH0034,9
398,KH0037,9
401,KH0100,9
402,KH0037,9
404,KH0037,9
406,KH0100,9
407,KH0034,9
410,KH0037,9
416,KH0100,9
417,KH0100,9
418,KH0037,9
419,KH0037,9
421,KH0037,9
425,KH0037,9
428,KH0100,9
430,KH0037,9
432,KH0034,9
433,KH0037,9
434,KH0100,9
439,KH0100,9
442,KH0037,9
443,KH0034,9
445,KH0039,9
447,KH0039,9
454,KH0037,9
456,KH0017,9
458,KH0037,9
459,KH0034,9
462,KH0037,9
463,KH0037,9
465,KH0034,9
468,KH0037,9
470,KH0037,9
471,KH0034,9
476,KH0037,9
479,KH0037,9
480,KH0100,9
482,KH0100,9
488,KH0039,9
492,KH0037,9
493,KH0039,9
494,KH0100,9
496,KH0037,9
497,KH0034,9
498,KH0100,9
506,KH0039,9
507,KH0100,9
508,KH0039,9
510,KH0034,9
512,KH0100,9
514,KH0034,9
516,KH0100,9
518,KH0100,9
522,KH0037,9
523,KH0034,9
524,KH0037,9
532,KH0039,9
533,KH0037,9
534,KH0037,9
536,KH0034,9
537,KH0100,9
539,KH0100,9
540,KH0037,9
541,KH0037,9
542,KH0037,9
544,KH0034,9
545,KH0034,9
548,KH0034,9
553,KH0037,9
555,KH0100,9
557,KH0037,9
559,KH0039,9
561,KH0037,9
569,KH0100,9
572,KH0037,9
573,KH0100,9
574,KH0037,9
575,KH0037,9
576,KH0037,9
577,KH0100,9
578,KH0039,9
580,KH0039,9
581,KH0034,9
585,KH0037,9
587,KH0037,9
592,KH0037,9
593,KH0039,9
594,KH0034,9
599,KH0037,9
600,KH0034,9
603,KH0037,9
606,KH0034,9
607,KH0037,9
609,KH0100,9
610,KH0039,9
611,KH0037,9
612,KH0034,9
615,KH0100,9
617,KH0037,9
619,KH0039,9
620,KH0037,9
622,KH0037,9
624,KH0100,9
629,KH0017,9
631,KH0100,9
633,KH0100,9
635,KH0037,9
642,KH0100,9
643,KH0034,9
645,KH0037,9
646,KH0034,9
650,KH0037,9
651,KH0100,9
655,KH0034,9
656,KH0100,9
659,KH0017,9
662,KH0034,9
665,KH0100,9
666,KH0037,9
667,KH0037,9
669,KH0100,9
670,KH0039,9
674,KH0034,9
675,KH0037,9
676,KH0037,9
677,KH0100,9
678,KH0034,9
679,KH0100,9
682,KH0037,9
687,KH0100,9
690,KH0034,9
694,KH0100,9
695,KH0100,9
696,KH0100,9
698,KH0100,9
699,KH0037,9
700,KH0037,9
709,KH0100,9
710,KH0100,9
713,KH0100,9
715,KH0100,9
716,KH0100,9
717,KH0100,9
718,KH0100,9
728,KH0100,9
729,KH0100,9
731,KH0174,9
732,KH0100,9
736,KH0037,9
738,KH0037,9
745,KH0017,9
746,KH0034,9
749,KH0037,9
751,KH0100,9
753,KH0037,9
754,KH0100,9
760,KH0037,9
762,KH0034,9
766,KH0037,9
767,KH0037,9
769,KH0100,9
775,KH0017,9
776,KH0017,9
779,KH0017,9
780,KH0039,9
783,KH0037,9
792,KH0017,9
804,KH0037,9
806,KH0037,9
808,KH0025,9
809,KH0025,9
816,KH0100,9
821,KH0100,9
822,KH0017,9
823,KH0100,9
824,KH0100,9
828,KH0034,9
835,KH0100,9
836,KH0100,9
840,KH0037,9
842,KH0100,9
843,KH0100,9
844,KH0100,9
845,KH0100,9
847,KH0100,9
852,KH0100,9
853,KH0080,9
854,KH0080,9
855,KH0121,9
856,KH0039,9
857,KH0034,9
858,KH0039,9
865,KH0034,9
868,KH0100,9
874,KH0034,9
875,KH0100,9
877,KH0100,9
878,KH0100,9
880,KH0100,9
886,KH0039,9
888,KH0037,9
890,KH0100,9
891,KH0039,9
892,KH0037,9
893,KH0100,9
894,KH0100,9
896,KH0121,9
897,KH0100,9
898,KH0174,9
899,KH0025,9
900,KH0017,9
901,KH0034,9
904,KH0037,9
909,KH0100,9
911,KH0100,9
915,KH0100,9
917,KH0100,9
920,KH0100,9
921,KH0037,9
922,KH0100,9
923,KH0039,9
924,KH0037,9
928,KH0100,9
929,KH0100,9
930,KH0100,9
933,KH0100,9
936,KH0100,9
938,KH0037,9
941,KH0100,9
3,KH0072,10
5,KH0072,10
8,KH0058,10
12,KH0072,10
17,KH0072,10
18,KH0072,10
31,KH0072,10
34,KH0070,10
35,KH0058,10
38,KH0072,10
39,KH0072,10
41,KH0049,10
44,KH0049,10
48,KH0072,10
50,KH0072,10
52,KH0049,10
59,KH0058,10
61,KH0072,10
62,KH0058,10
63,KH0058,10
65,KH0058,10
66,KH0058,10
69,KH0058,10
70,KH0072,10
77,KH0070,10
80,KH0070,10
82,KH0058,10
84,KH0058,10
87,KH0058,10
90,KH0058,10
91,KH0072,10
92,KH0058,10
95,KH0049,10
96,KH0049,10
97,KH0072,10
99,KH0058,10
105,KH0072,10
106,KH0070,10
108,KH0058,10
110,KH0072,10
111,KH0058,10
112,KH0058,10
113,KH0049,10
115,KH0072,10
118,KH0072,10
120,KH0072,10
126,KH0058,10
127,KH0072,10
128,KH0058,10
129,KH0072,10
136,KH0070,10
138,KH0058,10
144,KH0072,10
145,KH0072,10
147,KH0049,10
148,KH0072,10
152,KH0072,10
153,KH0072,10
154,KH0070,10
155,KH0072,10
159,KH0155,10
162,KH0066,10
163,KH0155,10
168,KH0180,10
173,KH0155,10
174,KH0058,10
175,KH0073,10
177,KH0072,10
180,KH0003,10
181,KH0156,10
182,KH0073,10
183,KH0155,10
187,KH0003,10
188,KH0073,10
192,KH0156,10
194,KH0156,10
198,KH0003,10
199,KH0156,10
207,KH0003,10
209,KH0163,10
210,KH0163,10
213,KH0073,10
214,KH0156,10
215,KH0155,10
217,KH0003,10
223,KH0003,10
225,KH0163,10
227,KH0155,10
228,KH0155,10
239,KH0003,10
243,KH0155,10
245,KH0058,10
249,KH0156,10
250,KH0163,10
253,KH0180,10
255,KH0073,10
258,KH0003,10
260,KH0163,10
262,KH0049,10
263,KH0180,10
265,KH0155,10
268,KH0163,10
270,KH0073,10
274,KH0156,10
282,KH0073,10
283,KH0156,10
284,KH0155,10
290,KH0156,10
291,KH0155,10
298,KH0156,10
299,KH0003,10
300,KH0003,10
305,KH0058,10
309,KH0156,10
310,KH0155,10
311,KH0156,10
313,KH0156,10
314,KH0003,10
317,KH0163,10
318,KH0155,10
321,KH0072,10
324,KH0156,10
325,KH0003,10
326,KH0156,10
327,KH0155,10
328,KH0058,10
332,KH0003,10
334,KH0003,10
335,KH0155,10
336,KH0156,10
337,KH0066,10
350,KH0070,10
352,KH0156,10
353,KH0003,10
354,KH0003,10
356,KH0155,10
358,KH0180,10
359,KH0155,10
363,KH0003,10
371,KH0072,10
374,KH0156,10
377,KH0156,10
378,KH0156,10
379,KH0066,10
382,KH0003,10
385,KH0180,10
387,KH0073,10
388,KH0156,10
390,KH0066,10
394,KH0155,10
396,KH0156,10
397,KH0155,10
407,KH0155,10
409,KH0066,10
414,KH0155,10
422,KH0155,10
423,KH0073,10
425,KH0163,10
429,KH0156,10
431,KH0058,10
432,KH0155,10
435,KH0156,10
437,KH0155,10
438,KH0156,10
440,KH0003,10
441,KH0156,10
443,KH0155,10
444,KH0073,10
446,KH0156,10
448,KH0156,10
452,KH0156,10
459,KH0155,10
460,KH0066,10
462,KH0163,10
465,KH0156,10
466,KH0003,10
467,KH0003,10
471,KH0156,10
473,KH0155,10
474,KH0156,10
478,KH0066,10
484,KH0073,10
485,KH0066,10
487,KH0156,10
492,KH0003,10
495,KH0003,10
496,KH0163,10
500,KH0180,10
502,KH0073,10
504,KH0163,10
505,KH0156,10
506,KH0003,10
509,KH0066,10
511,KH0003,10
517,KH0155,10
519,KH0180,10
521,KH0156,10
523,KH0155,10
524,KH0155,10
527,KH0072,10
528,KH0156,10
530,KH0156,10
536,KH0155,10
542,KH0163,10
544,KH0156,10
545,KH0155,10
553,KH0163,10
558,KH0156,10
560,KH0180,10
562,KH0156,10
566,KH0156,10
567,KH0156,10
577,KH0003,10
581,KH0155,10
582,KH0156,10
583,KH0163,10
587,KH0180,10
589,KH0156,10
590,KH0073,10
594,KH0156,10
596,KH0155,10
597,KH0155,10
598,KH0155,10
600,KH0155,10
601,KH0180,10
603,KH0163,10
604,KH0073,10
606,KH0155,10
611,KH0180,10
615,KH0003,10
617,KH0066,10
618,KH0163,10
621,KH0003,10
622,KH0066,10
623,KH0156,10
625,KH0180,10
628,KH0003,10
629,KH0156,10
630,KH0155,10
633,KH0155,10
635,KH0180,10
638,KH0003,10
646,KH0155,10
647,KH0066,10
652,KH0156,10
658,KH0003,10
663,KH0003,10
664,KH0073,10
668,KH0180,10
670,KH0003,10
675,KH0003,10
676,KH0003,10
677,KH0180,10
678,KH0156,10
680,KH0156,10
681,KH0155,10
682,KH0066,10
684,KH0155,10
688,KH0156,10
689,KH0155,10
690,KH0155,10
691,KH0155,10
692,KH0163,10
696,KH0003,10
705,KH0180,10
706,KH0073,10
708,KH0003,10
709,KH0003,10
719,KH0073,10
723,KH0003,10
724,KH0066,10
729,KH0003,10
730,KH0066,10
734,KH0003,10
737,KH0073,10
739,KH0070,10
740,KH0070,10
743,KH0156,10
745,KH0163,10
747,KH0180,10
748,KH0003,10
749,KH0180,10
751,KH0073,10
756,KH0003,10
757,KH0155,10
761,KH0073,10
765,KH0003,10
767,KH0003,10
769,KH0180,10
771,KH0003,10
772,KH0003,10
773,KH0066,10
774,KH0180,10
775,KH0163,10
779,KH0163,10
781,KH0003,10
785,KH0003,10
787,KH0163,10
795,KH0163,10
796,KH0003,10
799,KH0180,10
800,KH0156,10
802,KH0003,10
803,KH0073,10
804,KH0156,10
805,KH0155,10
810,KH0049,10
811,KH0073,10
812,KH0070,10
814,KH0003,10
824,KH0003,10
825,KH0003,10
828,KH0155,10
831,KH0003,10
835,KH0066,10
836,KH0003,10
837,KH0003,10
842,KH0066,10
846,KH0003,10
850,KH0003,10
853,KH0072,10
854,KH0070,10
859,KH0156,10
860,KH0180,10
861,KH0156,10
862,KH0163,10
864,KH0066,10
866,KH0049,10
869,KH0003,10
871,KH0049,10
872,KH0155,10
875,KH0066,10
877,KH0003,10
878,KH0003,10
881,KH0155,10
884,KH0073,10
889,KH0073,10
891,KH0049,10
896,KH0072,10
898,KH0070,10
899,KH0003,10
900,KH0003,10
903,KH0073,10
907,KH0066,10
909,KH0003,10
911,KH0003,10
914,KH0163,10
920,KH0003,10
923,KH0155,10
924,KH0163,10
925,KH0155,10
937,KH0155,10
938,KH0066,10
940,KH0073,10
3,KH0160,11
8,KH0160,11
9,KH0160,11
11,KH0160,11
12,KH0160,11
18,KH0160,11
24,KH0160,11
25,KH0160,11
27,KH0160,11
35,KH0160,11
37,KH0160,11
40,KH0160,11
42,KH0160,11
44,KH0160,11
50,KH0160,11
52,KH0160,11
53,KH0160,11
57,KH0160,11
61,KH0160,11
63,KH0160,11
66,KH0160,11
67,KH0160,11
68,KH0160,11
69,KH0160,11
74,KH0160,11
80,KH0160,11
87,KH0160,11
92,KH0160,11
97,KH0160,11
98,KH0160,11
105,KH0160,11
106,KH0160,11
111,KH0160,11
115,KH0160,11
122,KH0160,11
124,KH0160,11
130,KH0160,11
135,KH0160,11
136,KH0160,11
137,KH0160,11
143,KH0160,11
147,KH0160,11
149,KH0160,11
160,KH0013,11
167,KH0011,11
181,KH0064,11
184,KH0150,11
185,KH0011,11
193,KH0011,11
194,KH0011,11
197,KH0011,11
200,KH0150,11
202,KH0013,11
204,KH0150,11
205,KH0011,11
214,KH0011,11
226,KH0045,11
232,KH0150,11
238,KH0150,11
240,KH0150,11
241,KH0013,11
243,KH0011,11
246,KH0045,11
249,KH0064,11
259,KH0011,11
262,KH0011,11
265,KH0011,11
267,KH0011,11
268,KH0011,11
270,KH0150,11
273,KH0150,11
283,KH0064,11
291,KH0064,11
292,KH0013,11
297,KH0150,11
304,KH0045,11
305,KH0013,11
306,KH0045,11
307,KH0045,11
310,KH0011,11
311,KH0064,11
313,KH0064,11
315,KH0150,11
317,KH0064,11
320,KH0150,11
321,KH0011,11
326,KH0011,11
328,KH0011,11
333,KH0013,11
335,KH0064,11
340,KH0013,11
342,KH0150,11
343,KH0013,11
349,KH0064,11
351,KH0150,11
356,KH0064,11
357,KH0150,11
358,KH0150,11
361,KH0150,11
362,KH0011,11
370,KH0011,11
371,KH0011,11
373,KH0011,11
374,KH0064,11
377,KH0064,11
380,KH0011,11
387,KH0045,11
391,KH0011,11
393,KH0011,11
394,KH0064,11
396,KH0064,11
403,KH0045,11
405,KH0150,11
406,KH0011,11
407,KH0064,11
413,KH0150,11
419,KH0011,11
432,KH0011,11
434,KH0045,11
435,KH0011,11
437,KH0011,11
441,KH0064,11
443,KH0064,11
445,KH0013,11
449,KH0013,11
459,KH0064,11
460,KH0045,11
462,KH0011,11
463,KH0150,11
465,KH0013,11
472,KH0150,11
474,KH0013,11
475,KH0011,11
484,KH0045,11
486,KH0013,11
487,KH0064,11
491,KH0045,11
499,KH0013,11
500,KH0045,11
504,KH0045,11
508,KH0013,11
511,KH0150,11
513,KH0045,11
517,KH0011,11
519,KH0150,11
520,KH0150,11
523,KH0064,11
528,KH0011,11
532,KH0013,11
536,KH0064,11
538,KH0013,11
544,KH0011,11
545,KH0064,11
546,KH0045,11
548,KH0011,11
550,KH0013,11
556,KH0045,11
567,KH0013,11
570,KH0045,11
573,KH0150,11
579,KH0045,11
589,KH0011,11
590,KH0045,11
591,KH0150,11
594,KH0064,11
602,KH0013,11
616,KH0013,11
623,KH0064,11
629,KH0013,11
631,KH0150,11
633,KH0150,11
638,KH0150,11
646,KH0064,11
648,KH0045,11
652,KH0011,11
655,KH0011,11
656,KH0150,11
657,KH0013,11
658,KH0013,11
659,KH0013,11
660,KH0045,11
662,KH0011,11
666,KH0011,11
668,KH0045,11
674,KH0013,11
679,KH0150,11
685,KH0013,11
687,KH0150,11
688,KH0011,11
690,KH0064,11
695,KH0150,11
698,KH0150,11
699,KH0013,11
701,KH0045,11
702,KH0150,11
704,KH0045,11
711,KH0150,11
722,KH0011,11
724,KH0150,11
727,KH0150,11
733,KH0013,11
734,KH0045,11
736,KH0011,11
737,KH0150,11
739,KH0011,11
740,KH0011,11
748,KH0150,11
750,KH0013,11
752,KH0150,11
754,KH0150,11
755,KH0013,11
758,KH0045,11
761,KH0045,11
763,KH0045,11
771,KH0150,11
774,KH0011,11
778,KH0013,11
786,KH0013,11
788,KH0045,11
790,KH0011,11
794,KH0011,11
797,KH0013,11
798,KH0150,11
812,KH0011,11
827,KH0150,11
828,KH0064,11
841,KH0011,11
843,KH0150,11
856,KH0013,11
857,KH0011,11
859,KH0011,11
861,KH0011,11
865,KH0011,11
879,KH0150,11
880,KH0150,11
887,KH0013,11
895,KH0150,11
897,KH0150,11
899,KH0011,11
915,KH0150,11
917,KH0150,11
919,KH0011,11
929,KH0150,11
933,KH0150,11
935,KH0150,11
936,KH0150,11
938,KH0011,11
1,KH0110,12
2,KH0110,12
3,KH0109,12
4,KH0109,12
5,KH0109,12
6,KH0110,12
7,KH0111,12
9,KH0110,12
10,KH0111,12
11,KH0110,12
12,KH0109,12
13,KH0109,12
14,KH0111,12
15,KH0110,12
16,KH0110,12
17,KH0111,12
18,KH0109,12
19,KH0110,12
20,KH0111,12
21,KH0110,12
22,KH0110,12
23,KH0110,12
24,KH0110,12
25,KH0108,12
26,KH0110,12
27,KH0110,12
28,KH0110,12
29,KH0110,12
30,KH0110,12
31,KH0109,12
32,KH0110,12
33,KH0110,12
34,KH0108,12
35,KH0111,12
36,KH0110,12
37,KH0110,12
38,KH0109,12
39,KH0109,12
40,KH0111,12
41,KH0110,12
42,KH0111,12
43,KH0110,12
45,KH0109,12
46,KH0108,12
47,KH0110,12
48,KH0109,12
49,KH0109,12
50,KH0109,12
51,KH0109,12
53,KH0110,12
54,KH0110,12
55,KH0110,12
56,KH0110,12
57,KH0111,12
58,KH0110,12
60,KH0109,12
61,KH0109,12
64,KH0110,12
67,KH0109,12
68,KH0110,12
70,KH0109,12
71,KH0110,12
72,KH0109,12
73,KH0110,12
74,KH0110,12
76,KH0111,12
78,KH0110,12
79,KH0111,12
80,KH0110,12
81,KH0110,12
82,KH0108,12
83,KH0108,12
85,KH0110,12
86,KH0111,12
88,KH0110,12
89,KH0111,12
91,KH0109,12
92,KH0109,12
93,KH0110,12
94,KH0109,12
95,KH0109,12
96,KH0109,12
98,KH0110,12
99,KH0108,12
100,KH0110,12
101,KH0110,12
102,KH0110,12
103,KH0109,12
104,KH0110,12
105,KH0109,12
106,KH0109,12
107,KH0110,12
108,KH0110,12
109,KH0109,12
110,KH0111,12
112,KH0109,12
113,KH0110,12
114,KH0109,12
116,KH0110,12
117,KH0110,12
118,KH0111,12
119,KH0110,12
120,KH0111,12
121,KH0110,12
122,KH0108,12
123,KH0110,12
124,KH0109,12
125,KH0110,12
126,KH0108,12
127,KH0111,12
129,KH0111,12
130,KH0109,12
131,KH0110,12
132,KH0110,12
133,KH0110,12
134,KH0110,12
135,KH0110,12
136,KH0109,12
137,KH0109,12
139,KH0109,12
140,KH0110,12
141,KH0110,12
142,KH0110,12
143,KH0110,12
144,KH0109,12
145,KH0108,12
146,KH0110,12
147,KH0109,12
148,KH0110,12
149,KH0110,12
150,KH0110,12
151,KH0110,12
152,KH0110,12
153,KH0109,12
154,KH0108,12
156,KH0110,12
157,KH0110,12
158,KH0110,12
162,KH0089,12
165,KH0089,12
166,KH0089,12
167,KH0018,12
170,KH0179,12
171,KH0087,12
172,KH0086,12
174,KH0109,12
175,KH0086,12
176,KH0087,12
177,KH0109,12
178,KH0085,12
179,KH0087,12
192,KH0109,12
194,KH0018,12
196,KH0087,12
198,KH0089,12
199,KH0109,12
201,KH0018,12
204,KH0145,12
205,KH0109,12
208,KH0086,12
209,KH0085,12
212,KH0087,12
213,KH0089,12
219,KH0086,12
224,KH0087,12
228,KH0092,12
229,KH0179,12
230,KH0087,12
233,KH0089,12
234,KH0085,12
238,KH0038,12
242,KH0085,12
244,KH0085,12
247,KH0086,12
248,KH0179,12
250,KH0085,12
252,KH0087,12
253,KH0089,12
256,KH0086,12
257,KH0086,12
259,KH0087,12
261,KH0086,12
264,KH0085,12
265,KH0092,12
271,KH0018,12
272,KH0087,12
273,KH0089,12
275,KH0089,12
276,KH0086,12
279,KH0109,12
281,KH0087,12
282,KH0145,12
283,KH0092,12
287,KH0085,12
295,KH0085,12
297,KH0089,12
301,KH0085,12
307,KH0179,12
308,KH0018,12
311,KH0092,12
314,KH0085,12
316,KH0085,12
318,KH0086,12
319,KH0089,12
321,KH0108,12
322,KH0085,12
324,KH0092,12
326,KH0087,12
327,KH0109,12
329,KH0179,12
331,KH0085,12
344,KH0086,12
349,KH0087,12
353,KH0086,12
367,KH0086,12
368,KH0145,12
369,KH0087,12
370,KH0018,12
371,KH0109,12
373,KH0092,12
380,KH0109,12
386,KH0089,12
390,KH0145,12
391,KH0038,12
395,KH0145,12
399,KH0018,12
402,KH0086,12
404,KH0087,12
406,KH0038,12
408,KH0086,12
409,KH0179,12
412,KH0086,12
414,KH0018,12
415,KH0038,12
418,KH0085,12
419,KH0086,12
421,KH0086,12
423,KH0089,12
425,KH0086,12
430,KH0087,12
433,KH0085,12
442,KH0086,12
449,KH0018,12
450,KH0145,12
451,KH0179,12
453,KH0018,12
457,KH0145,12
462,KH0085,12
467,KH0018,12
468,KH0092,12
469,KH0086,12
470,KH0085,12
471,KH0018,12
476,KH0086,12
483,KH0085,12
486,KH0086,12
492,KH0086,12
493,KH0086,12
495,KH0179,12
496,KH0086,12
497,KH0018,12
498,KH0145,12
500,KH0145,12
501,KH0179,12
506,KH0089,12
512,KH0089,12
514,KH0018,12
515,KH0087,12
516,KH0179,12
518,KH0179,12
519,KH0145,12
522,KH0086,12
524,KH0086,12
526,KH0089,12
527,KH0109,12
529,KH0145,12
531,KH0145,12
532,KH0018,12
537,KH0145,12
539,KH0038,12
540,KH0086,12
541,KH0086,12
543,KH0038,12
546,KH0089,12
549,KH0018,12
558,KH0109,12
561,KH0085,12
564,KH0038,12
565,KH0038,12
568,KH0085,12
569,KH0145,12
572,KH0085,12
574,KH0085,12
575,KH0085,12
578,KH0087,12
580,KH0085,12
581,KH0092,12
583,KH0109,12
584,KH0145,12
585,KH0086,12
586,KH0085,12
587,KH0087,12
588,KH0145,12
591,KH0145,12
593,KH0087,12
594,KH0092,12
595,KH0145,12
605,KH0018,12
606,KH0018,12
607,KH0086,12
610,KH0087,12
612,KH0092,12
613,KH0092,12
614,KH0145,12
616,KH0018,12
618,KH0086,12
625,KH0145,12
634,KH0018,12
648,KH0085,12
652,KH0038,12
653,KH0038,12
654,KH0087,12
660,KH0086,12
661,KH0089,12
663,KH0179,12
664,KH0089,12
665,KH0145,12
670,KH0089,12
673,KH0018,12
675,KH0085,12
679,KH0145,12
691,KH0086,12
692,KH0179,12
701,KH0089,12
703,KH0089,12
705,KH0145,12
706,KH0179,12
707,KH0145,12
712,KH0179,12
719,KH0145,12
720,KH0145,12
723,KH0038,12
730,KH0145,12
741,KH0179,12
742,KH0092,12
744,KH0145,12
747,KH0089,12
749,KH0109,12
753,KH0087,12
757,KH0018,12
758,KH0086,12
760,KH0086,12
762,KH0109,12
767,KH0087,12
769,KH0145,12
774,KH0038,12
776,KH0018,12
777,KH0179,12
780,KH0087,12
782,KH0145,12
784,KH0086,12
785,KH0089,12
787,KH0085,12
791,KH0179,12
794,KH0086,12
795,KH0086,12
798,KH0145,12
801,KH0145,12
806,KH0086,12
808,KH0110,12
809,KH0108,12
811,KH0145,12
822,KH0018,12
824,KH0145,12
827,KH0145,12
839,KH0145,12
841,KH0018,12
844,KH0145,12
850,KH0145,12
853,KH0109,12
854,KH0108,12
855,KH0110,12
857,KH0092,12
858,KH0018,12
862,KH0018,12
863,KH0038,12
865,KH0108,12
866,KH0108,12
872,KH0018,12
875,KH0179,12
880,KH0145,12
884,KH0145,12
886,KH0018,12
893,KH0145,12
896,KH0111,12
898,KH0109,12
906,KH0179,12
913,KH0179,12
916,KH0179,12
924,KH0018,12
925,KH0018,12
930,KH0145,12
931,KH0145,12
932,KH0179,12
935,KH0179,12
939,KH0179,12
1,KH0133,13
4,KH0094,13
6,KH0133,13
7,KH0094,13
13,KH0133,13
14,KH0094,13
15,KH0133,13
16,KH0133,13
21,KH0133,13
26,KH0133,13
29,KH0133,13
32,KH0133,13
39,KH0133,13
47,KH0133,13
51,KH0133,13
55,KH0094,13
56,KH0133,13
58,KH0133,13
64,KH0133,13
71,KH0133,13
75,KH0094,13
78,KH0133,13
84,KH0094,13
86,KH0094,13
88,KH0094,13
100,KH0094,13
101,KH0133,13
112,KH0133,13
117,KH0094,13
121,KH0094,13
122,KH0026,13
125,KH0133,13
128,KH0133,13
131,KH0133,13
133,KH0133,13
139,KH0133,13
141,KH0133,13
146,KH0133,13
150,KH0133,13
151,KH0133,13
153,KH0133,13
155,KH0094,13
156,KH0094,13
161,KH0146,13
165,KH0019,13
169,KH0146,13
173,KH0176,13
177,KH0133,13
179,KH0146,13
182,KH0020,13
183,KH0105,13
190,KH0146,13
200,KH0146,13
205,KH0105,13
210,KH0050,13
211,KH0176,13
218,KH0146,13
223,KH0019,13
224,KH0094,13
226,KH0019,13
227,KH0176,13
228,KH0094,13
232,KH0146,13
235,KH0146,13
236,KH0139,13
240,KH0019,13
246,KH0146,13
251,KH0020,13
258,KH0019,13
263,KH0177,13
265,KH0176,13
273,KH0146,13
278,KH0019,13
285,KH0139,13
289,KH0146,13
290,KH0050,13
291,KH0176,13
292,KH0139,13
297,KH0146,13
300,KH0177,13
302,KH0020,13
303,KH0019,13
305,KH0176,13
306,KH0146,13
308,KH0176,13
311,KH0105,13
313,KH0176,13
319,KH0146,13
320,KH0146,13
326,KH0094,13
329,KH0019,13
333,KH0139,13
337,KH0146,13
339,KH0139,13
344,KH0139,13
349,KH0146,13
356,KH0105,13
357,KH0146,13
358,KH0177,13
359,KH0105,13
376,KH0139,13
377,KH0176,13
397,KH0105,13
402,KH0139,13
407,KH0176,13
408,KH0020,13
412,KH0146,13
424,KH0050,13
431,KH0050,13
437,KH0176,13
441,KH0105,13
444,KH0020,13
445,KH0020,13
446,KH0176,13
447,KH0139,13
448,KH0105,13
452,KH0105,13
456,KH0139,13
458,KH0177,13
461,KH0019,13
465,KH0050,13
466,KH0020,13
468,KH0177,13
473,KH0176,13
476,KH0139,13
478,KH0020,13
488,KH0050,13
491,KH0019,13
492,KH0020,13
501,KH0145,13
503,KH0177,13
511,KH0146,13
525,KH0050,13
526,KH0146,13
527,KH0176,13
534,KH0139,13
535,KH0146,13
539,KH0146,13
540,KH0177,13
542,KH0139,13
543,KH0139,13
545,KH0105,13
555,KH0146,13
557,KH0146,13
562,KH0105,13
564,KH0177,13
565,KH0139,13
571,KH0146,13
573,KH0146,13
574,KH0019,13
576,KH0176,13
580,KH0139,13
583,KH0094,13
587,KH0177,13
592,KH0139,13
593,KH0177,13
594,KH0176,13
596,KH0176,13
599,KH0139,13
600,KH0139,13
601,KH0177,13
603,KH0177,13
610,KH0105,13
611,KH0177,13
617,KH0139,13
619,KH0105,13
623,KH0176,13
626,KH0019,13
627,KH0050,13
628,KH0019,13
629,KH0139,13
630,KH0176,13
631,KH0146,13
635,KH0177,13
640,KH0019,13
642,KH0020,13
643,KH0050,13
650,KH0146,13
651,KH0146,13
653,KH0177,13
656,KH0146,13
657,KH0050,13
661,KH0146,13
663,KH0146,13
667,KH0020,13
676,KH0020,13
682,KH0177,13
683,KH0050,13
688,KH0050,13
689,KH0105,13
693,KH0019,13
697,KH0019,13
700,KH0139,13
702,KH0146,13
703,KH0019,13
714,KH0019,13
716,KH0020,13
724,KH0146,13
727,KH0146,13
729,KH0105,13
731,KH0094,13
737,KH0146,13
739,KH0050,13
740,KH0050,13
742,KH0050,13
743,KH0176,13
745,KH0177,13
746,KH0176,13
747,KH0146,13
749,KH0177,13
750,KH0177,13
755,KH0139,13
758,KH0020,13
760,KH0177,13
762,KH0177,13
763,KH0146,13
764,KH0094,13
765,KH0019,13
766,KH0019,13
768,KH0019,13
773,KH0019,13
775,KH0139,13
778,KH0177,13
781,KH0020,13
783,KH0139,13
786,KH0146,13
789,KH0050,13
792,KH0177,13
797,KH0146,13
799,KH0146,13
800,KH0176,13
802,KH0019,13
803,KH0020,13
804,KH0139,13
808,KH0133,13
810,KH0094,13
812,KH0177,13
813,KH0146,13
814,KH0019,13
819,KH0019,13
823,KH0146,13
825,KH0020,13
832,KH0019,13
836,KH0019,13
842,KH0146,13
846,KH0019,13
856,KH0139,13
869,KH0019,13
879,KH0146,13
880,KH0146,13
883,KH0177,13
886,KH0020,13
887,KH0019,13
889,KH0019,13
896,KH0133,13
898,KH0105,13
904,KH0177,13
907,KH0020,13
908,KH0019,13
910,KH0019,13
914,KH0139,13
919,KH0146,13
925,KH0105,13
926,KH0146,13
927,KH0146,13
928,KH0146,13
934,KH0019,13
935,KH0146,13
936,KH0146,13
937,KH0105,13
2,KH0152,14
7,KH0071,14
8,KH0152,14
14,KH0071,14
19,KH0071,14
20,KH0071,14
21,KH0071,14
22,KH0071,14
23,KH0071,14
25,KH0071,14
27,KH0071,14
28,KH0071,14
30,KH0071,14
33,KH0071,14
37,KH0071,14
40,KH0071,14
43,KH0071,14
44,KH0152,14
45,KH0071,14
49,KH0071,14
54,KH0071,14
56,KH0071,14
59,KH0152,14
60,KH0071,14
63,KH0152,14
72,KH0071,14
73,KH0071,14
76,KH0071,14
77,KH0152,14
78,KH0071,14
80,KH0152,14
81,KH0071,14
82,KH0152,14
85,KH0071,14
87,KH0152,14
88,KH0071,14
94,KH0071,14
98,KH0071,14
99,KH0152,14
102,KH0071,14
103,KH0071,14
104,KH0071,14
106,KH0152,14
107,KH0071,14
108,KH0152,14
111,KH0152,14
113,KH0071,14
117,KH0071,14
119,KH0071,14
123,KH0071,14
126,KH0152,14
132,KH0071,14
136,KH0152,14
138,KH0152,14
140,KH0071,14
141,KH0071,14
147,KH0071,14
154,KH0152,14
159,KH0090,14
162,KH0009,14
164,KH0090,14
165,KH0009,14
167,KH0033,14
168,KH0090,14
171,KH0178,14
176,KH0090,14
180,KH0178,14
184,KH0090,14
189,KH0090,14
192,KH0033,14
197,KH0152,14
199,KH0033,14
203,KH0044,14
209,KH0090,14
210,KH0033,14
211,KH0033,14
212,KH0090,14
215,KH0033,14
218,KH0090,14
222,KH0009,14
223,KH0009,14
224,KH0090,14
227,KH0033,14
228,KH0033,14
231,KH0098,14
232,KH0098,14
235,KH0098,14
237,KH0033,14
239,KH0009,14
240,KH0098,14
241,KH0178,14
245,KH0071,14
252,KH0178,14
258,KH0044,14
263,KH0090,14
265,KH0033,14
266,KH0033,14
268,KH0071,14
269,KH0033,14
274,KH0033,14
275,KH0090,14
278,KH0090,14
279,KH0033,14
281,KH0090,14
284,KH0033,14
288,KH0009,14
290,KH0033,14
298,KH0033,14
299,KH0009,14
307,KH0009,14
309,KH0033,14
322,KH0090,14
327,KH0033,14
328,KH0152,14
331,KH0090,14
336,KH0033,14
338,KH0009,14
341,KH0009,14
345,KH0009,14
350,KH0033,14
352,KH0033,14
356,KH0033,14
358,KH0033,14
359,KH0033,14
362,KH0033,14
369,KH0090,14
371,KH0033,14
378,KH0033,14
382,KH0009,14
385,KH0098,14
386,KH0098,14
388,KH0033,14
389,KH0098,14
397,KH0033,14
399,KH0033,14
400,KH0033,14
401,KH0090,14
405,KH0098,14
408,KH0044,14
411,KH0178,14
420,KH0178,14
422,KH0033,14
424,KH0178,14
426,KH0009,14
427,KH0009,14
428,KH0009,14
429,KH0033,14
431,KH0033,14
436,KH0098,14
437,KH0033,14
438,KH0033,14
439,KH0009,14
441,KH0033,14
446,KH0033,14
448,KH0033,14
449,KH0090,14
451,KH0009,14
452,KH0033,14
460,KH0009,14
461,KH0009,14
466,KH0090,14
469,KH0033,14
470,KH0178,14
472,KH0098,14
473,KH0033,14
474,KH0178,14
475,KH0033,14
481,KH0090,14
483,KH0090,14
487,KH0033,14
488,KH0033,14
494,KH0009,14
504,KH0044,14
505,KH0033,14
518,KH0098,14
519,KH0090,14
521,KH0033,14
522,KH0009,14
525,KH0033,14
526,KH0090,14
528,KH0033,14
530,KH0033,14
532,KH0178,14
538,KH0033,14
539,KH0098,14
543,KH0178,14
546,KH0090,14
547,KH0033,14
550,KH0178,14
554,KH0044,14
558,KH0033,14
559,KH0033,14
562,KH0033,14
566,KH0033,14
567,KH0033,14
574,KH0090,14
579,KH0090,14
580,KH0090,14
582,KH0033,14
583,KH0033,14
585,KH0178,14
586,KH0090,14
587,KH0090,14
588,KH0009,14
595,KH0098,14
596,KH0033,14
598,KH0033,14
610,KH0033,14
619,KH0033,14
623,KH0033,14
624,KH0009,14
626,KH0044,14
627,KH0033,14
629,KH0178,14
630,KH0033,14
631,KH0090,14
632,KH0033,14
638,KH0098,14
639,KH0098,14
641,KH0033,14
648,KH0090,14
657,KH0178,14
660,KH0178,14
666,KH0178,14
673,KH0033,14
678,KH0178,14
679,KH0090,14
680,KH0033,14
681,KH0033,14
684,KH0033,14
688,KH0033,14
689,KH0033,14
691,KH0033,14
701,KH0090,14
703,KH0090,14
706,KH0090,14
710,KH0098,14
714,KH0009,14
716,KH0009,14
721,KH0033,14
727,KH0044,14
731,KH0033,14
735,KH0044,14
742,KH0033,14
743,KH0033,14
748,KH0098,14
752,KH0044,14
754,KH0098,14
765,KH0009,14
767,KH0090,14
771,KH0009,14
772,KH0098,14
775,KH0178,14
776,KH0178,14
777,KH0009,14
784,KH0033,14
789,KH0033,14
798,KH0009,14
800,KH0033,14
808,KH0071,14
809,KH0071,14
810,KH0152,14
811,KH0044,14
814,KH0098,14
815,KH0033,14
816,KH0009,14
817,KH0009,14
825,KH0009,14
841,KH0178,14
847,KH0098,14
848,KH0098,14
850,KH0033,14
852,KH0098,14
855,KH0071,14
858,KH0033,14
864,KH0044,14
870,KH0033,14
872,KH0178,14
876,KH0009,14
881,KH0033,14
885,KH0098,14
888,KH0178,14
897,KH0044,14
898,KH0152,14
904,KH0071,14
916,KH0044,14
924,KH0178,14
925,KH0033,14
926,KH0044,14
933,KH0098,14
937,KH0033,14
941,KH0098,14
1,KH0153,15
3,KH0153,15
4,KH0153,15
5,KH0154,15
6,KH0153,15
7,KH0154,15
9,KH0153,15
10,KH0154,15
11,KH0154,15
12,KH0154,15
13,KH0153,15
14,KH0153,15
15,KH0153,15
16,KH0153,15
17,KH0153,15
18,KH0154,15
19,KH0153,15
20,KH0154,15
21,KH0153,15
22,KH0153,15
23,KH0153,15
24,KH0153,15
25,KH0153,15
26,KH0153,15
27,KH0153,15
28,KH0153,15
29,KH0153,15
30,KH0153,15
31,KH0153,15
32,KH0153,15
33,KH0154,15
34,KH0153,15
35,KH0154,15
36,KH0153,15
37,KH0154,15
38,KH0154,15
39,KH0153,15
40,KH0154,15
41,KH0153,15
42,KH0153,15
43,KH0153,15
45,KH0154,15
46,KH0153,15
47,KH0153,15
48,KH0154,15
49,KH0153,15
50,KH0153,15
51,KH0153,15
52,KH0154,15
53,KH0154,15
54,KH0153,15
55,KH0153,15
56,KH0153,15
57,KH0154,15
58,KH0153,15
60,KH0154,15
61,KH0154,15
64,KH0153,15
65,KH0154,15
66,KH0154,15
67,KH0153,15
68,KH0154,15
70,KH0153,15
71,KH0153,15
72,KH0153,15
73,KH0153,15
74,KH0153,15
75,KH0154,15
76,KH0154,15
78,KH0153,15
79,KH0153,15
81,KH0153,15
83,KH0153,15
85,KH0153,15
86,KH0154,15
88,KH0153,15
89,KH0153,15
90,KH0153,15
91,KH0153,15
92,KH0154,15
93,KH0153,15
94,KH0153,15
95,KH0153,15
96,KH0154,15
97,KH0154,15
98,KH0154,15
100,KH0154,15
101,KH0153,15
102,KH0153,15
103,KH0154,15
104,KH0153,15
105,KH0153,15
107,KH0154,15
109,KH0153,15
110,KH0154,15
112,KH0153,15
113,KH0153,15
114,KH0154,15
115,KH0154,15
116,KH0154,15
117,KH0153,15
118,KH0154,15
119,KH0154,15
120,KH0154,15
121,KH0154,15
122,KH0153,15
123,KH0154,15
124,KH0153,15
125,KH0153,15
127,KH0153,15
128,KH0153,15
129,KH0154,15
130,KH0154,15
131,KH0153,15
132,KH0154,15
133,KH0153,15
134,KH0154,15
135,KH0154,15
137,KH0153,15
139,KH0153,15
140,KH0154,15
141,KH0153,15
142,KH0153,15
143,KH0154,15
144,KH0154,15
145,KH0154,15
146,KH0153,15
147,KH0154,15
148,KH0153,15
149,KH0154,15
150,KH0153,15
151,KH0153,15
152,KH0154,15
153,KH0153,15
155,KH0154,15
156,KH0153,15
157,KH0153,15
158,KH0153,15
159,KH0043,15
161,KH0040,15
164,KH0040,15
165,KH0040,15
169,KH0040,15
170,KH0040,15
172,KH0043,15
173,KH0122,15
174,KH0168,15
175,KH0043,15
177,KH0153,15
180,KH0040,15
184,KH0040,15
189,KH0043,15
191,KH0040,15
193,KH0175,15
194,KH0122,15
195,KH0043,15
197,KH0122,15
199,KH0153,15
200,KH0043,15
201,KH0175,15
203,KH0040,15
204,KH0043,15
205,KH0153,15
206,KH0040,15
207,KH0040,15
209,KH0043,15
213,KH0040,15
214,KH0122,15
216,KH0043,15
217,KH0040,15
218,KH0040,15
219,KH0043,15
223,KH0040,15
224,KH0043,15
225,KH0043,15
226,KH0040,15
232,KH0043,15
234,KH0043,15
235,KH0040,15
236,KH0043,15
238,KH0043,15
239,KH0040,15
241,KH0043,15
242,KH0043,15
246,KH0040,15
247,KH0043,15
249,KH0122,15
250,KH0043,15
252,KH0043,15
253,KH0040,15
254,KH0043,15
256,KH0043,15
257,KH0043,15
258,KH0040,15
264,KH0043,15
267,KH0168,15
269,KH0175,15
270,KH0040,15
276,KH0040,15
278,KH0040,15
279,KH0122,15
280,KH0043,15
281,KH0043,15
282,KH0040,15
284,KH0168,15
286,KH0153,15
287,KH0043,15
289,KH0040,15
291,KH0168,15
292,KH0043,15
294,KH0175,15
296,KH0043,15
297,KH0043,15
303,KH0043,15
304,KH0040,15
309,KH0175,15
316,KH0043,15
319,KH0043,15
321,KH0153,15
322,KH0043,15
323,KH0040,15
325,KH0043,15
329,KH0040,15
331,KH0043,15
332,KH0040,15
333,KH0043,15
334,KH0043,15
336,KH0175,15
339,KH0043,15
342,KH0043,15
346,KH0043,15
347,KH0043,15
348,KH0040,15
350,KH0122,15
351,KH0043,15
352,KH0168,15
355,KH0040,15
357,KH0043,15
358,KH0043,15
359,KH0122,15
361,KH0040,15
362,KH0122,15
363,KH0040,15
364,KH0040,15
365,KH0122,15
366,KH0040,15
368,KH0040,15
369,KH0043,15
370,KH0122,15
371,KH0168,15
374,KH0175,15
375,KH0040,15
379,KH0040,15
383,KH0040,15
387,KH0040,15
389,KH0040,15
391,KH0043,15
392,KH0122,15
397,KH0175,15
399,KH0122,15
400,KH0175,15
403,KH0040,15
405,KH0040,15
406,KH0043,15
410,KH0043,15
411,KH0043,15
412,KH0040,15
413,KH0040,15
415,KH0043,15
416,KH0043,15
418,KH0043,15
422,KH0175,15
424,KH0175,15
426,KH0040,15
427,KH0043,15
428,KH0043,15
430,KH0043,15
433,KH0043,15
434,KH0040,15
435,KH0168,15
436,KH0043,15
438,KH0175,15
441,KH0175,15
444,KH0040,15
446,KH0122,15
448,KH0175,15
449,KH0043,15
450,KH0040,15
452,KH0122,15
453,KH0122,15
455,KH0040,15
459,KH0122,15
460,KH0040,15
461,KH0043,15
463,KH0043,15
464,KH0040,15
466,KH0040,15
468,KH0043,15
469,KH0175,15
476,KH0043,15
477,KH0043,15
479,KH0043,15
480,KH0040,15
481,KH0040,15
482,KH0040,15
483,KH0040,15
486,KH0040,15
489,KH0040,15
491,KH0040,15
496,KH0043,15
497,KH0168,15
498,KH0040,15
500,KH0040,15
501,KH0040,15
502,KH0040,15
503,KH0040,15
504,KH0040,15
507,KH0043,15
511,KH0040,15
513,KH0040,15
515,KH0043,15
516,KH0040,15
519,KH0040,15
520,KH0043,15
523,KH0168,15
526,KH0040,15
527,KH0153,15
530,KH0122,15
535,KH0043,15
536,KH0122,15
539,KH0043,15
540,KH0043,15
541,KH0043,15
542,KH0043,15
545,KH0168,15
546,KH0040,15
548,KH0168,15
549,KH0175,15
550,KH0040,15
555,KH0040,15
556,KH0040,15
558,KH0175,15
559,KH0175,15
561,KH0043,15
562,KH0175,15
563,KH0040,15
565,KH0043,15
566,KH0122,15
568,KH0043,15
570,KH0040,15
571,KH0040,15
572,KH0043,15
574,KH0043,15
575,KH0043,15
576,KH0043,15
579,KH0043,15
584,KH0040,15
585,KH0043,15
586,KH0040,15
587,KH0043,15
592,KH0043,15
599,KH0043,15
600,KH0122,15
601,KH0040,15
603,KH0043,15
604,KH0040,15
606,KH0122,15
607,KH0043,15
608,KH0040,15
609,KH0040,15
615,KH0043,15
617,KH0043,15
618,KH0043,15
620,KH0043,15
622,KH0043,15
623,KH0122,15
624,KH0040,15
625,KH0040,15
628,KH0040,15
631,KH0040,15
632,KH0122,15
636,KH0043,15
637,KH0040,15
638,KH0043,15
639,KH0040,15
640,KH0040,15
641,KH0175,15
642,KH0043,15
644,KH0040,15
645,KH0043,15
646,KH0122,15
647,KH0043,15
648,KH0040,15
649,KH0043,15
654,KH0040,15
660,KH0040,15
662,KH0122,15
665,KH0040,15
666,KH0043,15
667,KH0043,15
668,KH0040,15
669,KH0040,15
672,KH0043,15
673,KH0175,15
674,KH0154,15
677,KH0040,15
678,KH0175,15
680,KH0122,15
686,KH0168,15
687,KH0043,15
688,KH0122,15
689,KH0122,15
690,KH0122,15
693,KH0040,15
694,KH0040,15
697,KH0040,15
698,KH0040,15
701,KH0040,15
702,KH0040,15
703,KH0043,15
704,KH0040,15
705,KH0043,15
706,KH0043,15
707,KH0043,15
710,KH0040,15
711,KH0040,15
712,KH0040,15
716,KH0043,15
719,KH0040,15
720,KH0040,15
723,KH0043,15
724,KH0040,15
726,KH0040,15
727,KH0040,15
728,KH0040,15
729,KH0043,15
730,KH0040,15
732,KH0040,15
734,KH0040,15
735,KH0040,15
737,KH0040,15
739,KH0175,15
740,KH0175,15
741,KH0040,15
743,KH0122,15
746,KH0168,15
747,KH0040,15
749,KH0153,15
751,KH0040,15
758,KH0040,15
760,KH0043,15
762,KH0175,15
763,KH0040,15
764,KH0043,15
767,KH0043,15
768,KH0040,15
769,KH0040,15
772,KH0040,15
773,KH0040,15
774,KH0043,15
775,KH0043,15
776,KH0168,15
777,KH0040,15
781,KH0040,15
787,KH0043,15
788,KH0040,15
793,KH0040,15
794,KH0040,15
795,KH0043,15
799,KH0040,15
800,KH0122,15
802,KH0040,15
803,KH0040,15
806,KH0043,15
807,KH0040,15
808,KH0153,15
809,KH0154,15
811,KH0040,15
813,KH0040,15
815,KH0122,15
819,KH0040,15
820,KH0040,15
823,KH0040,15
825,KH0040,15
827,KH0040,15
834,KH0040,15
837,KH0040,15
839,KH0040,15
841,KH0175,15
842,KH0040,15
844,KH0040,15
847,KH0040,15
849,KH0040,15
850,KH0043,15
851,KH0040,15
853,KH0153,15
854,KH0153,15
855,KH0154,15
862,KH0043,15
864,KH0040,15
865,KH0153,15
867,KH0040,15
868,KH0040,15
870,KH0122,15
871,KH0175,15
874,KH0175,15
875,KH0040,15
876,KH0043,15
877,KH0040,15
878,KH0040,15
879,KH0040,15
880,KH0043,15
884,KH0043,15
885,KH0040,15
886,KH0175,15
887,KH0040,15
888,KH0043,15
890,KH0040,15
891,KH0175,15
892,KH0043,15
894,KH0040,15
896,KH0153,15
902,KH0040,15
903,KH0040,15
911,KH0043,15
912,KH0043,15
913,KH0040,15
921,KH0043,15
924,KH0043,15
926,KH0040,15
927,KH0040,15
928,KH0040,15
929,KH0043,15
930,KH0040,15
931,KH0040,15
932,KH0040,15
938,KH0043,15
939,KH0040,15
941,KH0043,15
1,KH0166,16
10,KH0166,16
11,KH0166,16
15,KH0166,16
16,KH0166,16
17,KH0027,16
21,KH0166,16
25,KH0166,16
26,KH0166,16
29,KH0166,16
32,KH0166,16
33,KH0166,16
35,KH0166,16
42,KH0166,16
46,KH0120,16
48,KH0166,16
49,KH0120,16
51,KH0120,16
55,KH0027,16
66,KH0166,16
69,KH0166,16
78,KH0166,16
83,KH0120,16
89,KH0166,16
90,KH0027,16
91,KH0027,16
92,KH0166,16
93,KH0166,16
101,KH0166,16
103,KH0120,16
104,KH0027,16
107,KH0120,16
112,KH0166,16
115,KH0166,16
120,KH0166,16
127,KH0027,16
131,KH0166,16
133,KH0166,16
139,KH0166,16
142,KH0027,16
143,KH0166,16
145,KH0166,16
149,KH0166,16
150,KH0166,16
153,KH0166,16
155,KH0166,16
164,KH0068,16
166,KH0164,16
172,KH0056,16
174,KH0169,16
178,KH0158,16
183,KH0021,16
184,KH0158,16
187,KH0068,16
188,KH0068,16
190,KH0056,16
193,KH0120,16
200,KH0158,16
203,KH0027,16
213,KH0164,16
217,KH0068,16
219,KH0021,16
220,KH0068,16
221,KH0164,16
229,KH0158,16
233,KH0158,16
240,KH0158,16
242,KH0068,16
243,KH0120,16
248,KH0164,16
250,KH0068,16
251,KH0008,16
253,KH0164,16
258,KH0120,16
262,KH0008,16
266,KH0008,16
269,KH0169,16
273,KH0158,16
274,KH0169,16
283,KH0169,16
289,KH0158,16
291,KH0169,16
296,KH0067,16
298,KH0169,16
301,KH0056,16
302,KH0067,16
305,KH0008,16
314,KH0008,16
315,KH0158,16
323,KH0158,16
325,KH0056,16
328,KH0169,16
330,KH0008,16
340,KH0008,16
342,KH0158,16
346,KH0067,16
347,KH0164,16
350,KH0008,16
356,KH0169,16
360,KH0021,16
361,KH0158,16
363,KH0068,16
368,KH0158,16
375,KH0164,16
376,KH0169,16
377,KH0169,16
387,KH0068,16
390,KH0158,16
392,KH0027,16
397,KH0169,16
398,KH0158,16
403,KH0068,16
404,KH0158,16
409,KH0158,16
410,KH0027,16
413,KH0158,16
420,KH0008,16
422,KH0169,16
425,KH0056,16
428,KH0158,16
434,KH0158,16
440,KH0158,16
441,KH0169,16
445,KH0008,16
454,KH0158,16
456,KH0008,16
463,KH0158,16
471,KH0169,16
477,KH0067,16
478,KH0164,16
480,KH0027,16
484,KH0068,16
485,KH0068,16
488,KH0056,16
489,KH0068,16
491,KH0164,16
493,KH0027,16
498,KH0158,16
502,KH0068,16
506,KH0158,16
508,KH0067,16
509,KH0067,16
511,KH0158,16
514,KH0169,16
517,KH0120,16
522,KH0158,16
525,KH0027,16
532,KH0008,16
537,KH0068,16
543,KH0027,16
556,KH0068,16
558,KH0056,16
560,KH0164,16
564,KH0067,16
565,KH0008,16
568,KH0021,16
573,KH0158,16
576,KH0169,16
588,KH0158,16
589,KH0067,16
592,KH0067,16
600,KH0067,16
605,KH0008,16
606,KH0027,16
619,KH0067,16
620,KH0068,16
628,KH0158,16
631,KH0158,16
633,KH0158,16
634,KH0008,16
638,KH0158,16
640,KH0068,16
643,KH0021,16
645,KH0067,16
649,KH0068,16
651,KH0164,16
656,KH0158,16
657,KH0056,16
664,KH0164,16
667,KH0008,16
668,KH0164,16
670,KH0158,16
679,KH0158,16
684,KH0169,16
687,KH0158,16
697,KH0068,16
700,KH0008,16
701,KH0068,16
702,KH0158,16
704,KH0164,16
705,KH0158,16
707,KH0068,16
711,KH0158,16
717,KH0158,16
720,KH0068,16
732,KH0158,16
735,KH0068,16
736,KH0068,16
741,KH0068,16
744,KH0068,16
746,KH0169,16
747,KH0068,16
752,KH0158,16
755,KH0008,16
759,KH0068,16
761,KH0067,16
764,KH0008,16
766,KH0169,16
768,KH0164,16
770,KH0008,16
774,KH0164,16
775,KH0008,16
778,KH0008,16
781,KH0008,16
787,KH0056,16
788,KH0068,16
789,KH0056,16
791,KH0068,16
796,KH0068,16
799,KH0068,16
804,KH0008,16
807,KH0164,16
818,KH0164,16
820,KH0068,16
822,KH0008,16
823,KH0164,16
825,KH0158,16
828,KH0027,16
830,KH0068,16
841,KH0008,16
842,KH0158,16
856,KH0067,16
859,KH0027,16
860,KH0164,16
862,KH0008,16
864,KH0169,16
866,KH0166,16
867,KH0068,16
871,KH0027,16
876,KH0068,16
877,KH0068,16
882,KH0164,16
886,KH0008,16
888,KH0067,16
891,KH0056,16
897,KH0158,16
901,KH0169,16
903,KH0164,16
905,KH0164,16
907,KH0067,16
908,KH0068,16
912,KH0068,16
919,KH0056,16
921,KH0067,16
926,KH0068,16
928,KH0158,16
929,KH0158,16
932,KH0164,16
934,KH0068,16
941,KH0158,16
1,KH0059,17
2,KH0024,17
4,KH0024,17
6,KH0059,17
8,KH0107,17
9,KH0059,17
13,KH0059,17
15,KH0059,17
16,KH0059,17
19,KH0024,17
24,KH0059,17
26,KH0059,17
29,KH0059,17
34,KH0024,17
36,KH0059,17
44,KH0107,17
46,KH0059,17
51,KH0024,17
52,KH0107,17
53,KH0059,17
58,KH0059,17
59,KH0107,17
62,KH0024,17
63,KH0107,17
64,KH0059,17
65,KH0107,17
66,KH0107,17
68,KH0059,17
71,KH0059,17
75,KH0107,17
77,KH0107,17
82,KH0024,17
84,KH0024,17
87,KH0107,17
90,KH0107,17
93,KH0059,17
95,KH0024,17
99,KH0024,17
100,KH0059,17
101,KH0059,17
106,KH0024,17
109,KH0024,17
111,KH0107,17
114,KH0059,17
116,KH0059,17
119,KH0024,17
121,KH0059,17
124,KH0059,17
126,KH0024,17
128,KH0107,17
133,KH0059,17
134,KH0059,17
135,KH0059,17
137,KH0024,17
138,KH0107,17
142,KH0059,17
146,KH0059,17
148,KH0024,17
149,KH0059,17
150,KH0059,17
151,KH0059,17
154,KH0024,17
155,KH0107,17
156,KH0059,17
157,KH0059,17
158,KH0059,17
159,KH0119,17
161,KH0124,17
162,KH0103,17
163,KH0104,17
168,KH0103,17
176,KH0103,17
178,KH0103,17
180,KH0119,17
186,KH0024,17
188,KH0124,17
190,KH0119,17
191,KH0119,17
192,KH0104,17
195,KH0103,17
196,KH0103,17
197,KH0161,17
198,KH0103,17
200,KH0124,17
201,KH0161,17
203,KH0093,17
208,KH0103,17
211,KH0161,17
212,KH0103,17
215,KH0107,17
218,KH0124,17
219,KH0103,17
224,KH0103,17
230,KH0103,17
231,KH0104,17
232,KH0103,17
234,KH0103,17
237,KH0104,17
245,KH0161,17
246,KH0124,17
250,KH0119,17
252,KH0119,17
254,KH0103,17
255,KH0103,17
256,KH0119,17
257,KH0103,17
258,KH0103,17
259,KH0103,17
261,KH0103,17
264,KH0103,17
266,KH0119,17
271,KH0104,17
274,KH0104,17
276,KH0103,17
277,KH0024,17
287,KH0103,17
288,KH0103,17
294,KH0024,17
295,KH0103,17
298,KH0119,17
300,KH0024,17
301,KH0119,17
303,KH0103,17
308,KH0161,17
315,KH0124,17
316,KH0103,17
318,KH0119,17
327,KH0161,17
331,KH0103,17
337,KH0119,17
338,KH0124,17
339,KH0103,17
344,KH0103,17
347,KH0103,17
348,KH0103,17
349,KH0103,17
350,KH0103,17
351,KH0104,17
354,KH0103,17
358,KH0119,17
360,KH0161,17
384,KH0107,17
388,KH0104,17
392,KH0161,17
394,KH0104,17
396,KH0104,17
398,KH0103,17
404,KH0103,17
410,KH0119,17
411,KH0103,17
412,KH0103,17
414,KH0107,17
418,KH0103,17
421,KH0103,17
428,KH0124,17
429,KH0119,17
430,KH0103,17
433,KH0103,17
434,KH0124,17
442,KH0103,17
447,KH0103,17
453,KH0161,17
454,KH0103,17
458,KH0119,17
460,KH0119,17
461,KH0119,17
462,KH0103,17
464,KH0124,17
468,KH0119,17
470,KH0119,17
471,KH0104,17
473,KH0161,17
476,KH0119,17
478,KH0124,17
483,KH0103,17
485,KH0103,17
486,KH0119,17
487,KH0104,17
488,KH0024,17
492,KH0103,17
496,KH0119,17
503,KH0103,17
505,KH0161,17
506,KH0103,17
507,KH0124,17
510,KH0161,17
520,KH0124,17
521,KH0119,17
528,KH0104,17
533,KH0104,17
534,KH0103,17
540,KH0103,17
542,KH0119,17
546,KH0103,17
549,KH0107,17
550,KH0103,17
552,KH0124,17
553,KH0119,17
556,KH0103,17
561,KH0103,17
564,KH0103,17
567,KH0119,17
568,KH0103,17
570,KH0119,17
572,KH0103,17
575,KH0103,17
578,KH0103,17
579,KH0093,17
580,KH0093,17
582,KH0104,17
585,KH0093,17
589,KH0119,17
593,KH0103,17
596,KH0103,17
597,KH0107,17
598,KH0107,17
599,KH0103,17
603,KH0103,17
611,KH0103,17
616,KH0107,17
617,KH0103,17
620,KH0119,17
628,KH0103,17
647,KH0124,17
650,KH0103,17
652,KH0103,17
653,KH0103,17
654,KH0103,17
659,KH0161,17
670,KH0103,17
675,KH0103,17
676,KH0103,17
681,KH0119,17
682,KH0103,17
686,KH0161,17
690,KH0119,17
722,KH0104,17
728,KH0124,17
730,KH0103,17
736,KH0119,17
737,KH0103,17
742,KH0161,17
752,KH0119,17
753,KH0103,17
760,KH0103,17
768,KH0093,17
780,KH0103,17
781,KH0103,17
783,KH0119,17
794,KH0103,17
801,KH0103,17
804,KH0119,17
810,KH0107,17
815,KH0161,17
818,KH0103,17
822,KH0119,17
825,KH0103,17
828,KH0104,17
840,KH0119,17
851,KH0124,17
853,KH0024,17
854,KH0024,17
858,KH0107,17
859,KH0093,17
861,KH0104,17
865,KH0024,17
871,KH0107,17
874,KH0161,17
876,KH0124,17
877,KH0103,17
881,KH0119,17
888,KH0103,17
892,KH0119,17
898,KH0024,17
901,KH0104,17
904,KH0119,17
907,KH0103,17
921,KH0103,17
935,KH0103,17
936,KH0103,17
939,KH0103,17
